DATOS,PAÍS,ODS,INDICADOR ODS,TIPO DE FUENTE,FUENTE,MÉTODO DE RECOLECCIÓN,OBJETIVO DE LOS DATOS,LEGISLACIÓN RECOLECCIÓN,LEGISLACIÓN CONFIDENCIALIDAD,LEGISLACIÓN RESTRICCIÓN A LA COMERCIALIZACIÓN,VARIABLES ,INFORMACIÓN GENERADA,DESAGREGACIÓN GEOGRÁFICA,DISPONIBILIDAD,DISPONIBLE EN,FECHA DE CONSULTA,"PERIODICIDAD DE 
DIFUSIÓN",ÚLTIMA PUBLICACIÓN,CATEGORIAS USUARIOS,USUARIOS DE LA  INFORMACIÓN ,,
ENCUESTA NACIONAL DE HOGARES (ENH),MÉXICO,1 FIN DE LA POBREZA,PROPORCIÓN DE LA POBLACIÓN QUE VIVE EN HOGARES CON ACCESO A SERVICIOS BÁSICOS,SECTOR PÚBLICO,INSTITUTO NACIONAL DE ESTADÍSTICA Y GEOGRAFÍA,ENCUESTA POR MUESTREO,"La Encuesta Nacional de los Hogares (ENH) se realiza con el propósito de conocer las características de las viviendas; datos sociodemográficos acerca de los integrantes del hogar, su ocupación, educación y su percepción sobre su estado de salud; así como la disponibilidad de bienes y servicios de tecnologías de la información y las comunicaciones en los hogares. A su vez, permite alimentar las cuentas satélites del Sistema de Cuentas Nacionales de México",,,,Tipo de vivienda* Asistencia escolar*Nivel de instrucción*Conexión de WIFI*Estrato socioeconómico*Número de trabajos,Condición de asistencia a la escuela*Tipo de vivienda*Disponibilidad de agua en la vivienda*Hacinamiento,Entidad federativa,SI,http://www.beta.inegi.org.mx/proyectos/enchogares/regulares/enh/2015/default.html,42569,ANUAL,,ACADEMIA,Universidades y centros de investigación,,
ENCUESTA NACIONAL DE HOGARES (ENH),MÉXICO,1 FIN DE LA POBREZA,PROPORCIÓN DE LA POBLACIÓN QUE VIVE EN HOGARES CON ACCESO A SERVICIOS BÁSICOS,SECTOR PÚBLICO,INSTITUTO NACIONAL DE ESTADÍSTICA Y GEOGRAFÍA,ENCUESTA POR MUESTREO,"La Encuesta Nacional de los Hogares (ENH) se realiza con el propósito de conocer las características de las viviendas; datos sociodemográficos acerca de los integrantes del hogar, su ocupación, educación y su percepción sobre su estado de salud; así como la disponibilidad de bienes y servicios de tecnologías de la información y las comunicaciones en los hogares. A su vez, permite alimentar las cuentas satélites del Sistema de Cuentas Nacionales de México",,,,Tipo de vivienda* Asistencia escolar*Nivel de instrucción*Conexión de WIFI*Estrato socioeconómico*Número de trabajos,Condición de asistencia a la escuela*Tipo de vivienda*Disponibilidad de agua en la vivienda*Hacinamiento,Entidad federativa,SI,http://www.beta.inegi.org.mx/proyectos/enchogares/regulares/enh/2015/default.html,42569,ANUAL,,GOBIERNO,Secretaría de desarrollo social*Secretaria de trabajo y previsión social*Secretaría de educación pública*Secretaría de salud,,
ENCUESTA NACIONAL DE HOGARES (ENH),MÉXICO,1 FIN DE LA POBREZA,PROPORCIÓN DE LA POBLACIÓN QUE VIVE EN HOGARES CON ACCESO A SERVICIOS BÁSICOS,SECTOR PÚBLICO,INSTITUTO NACIONAL DE ESTADÍSTICA Y GEOGRAFÍA,ENCUESTA POR MUESTREO,"La Encuesta Nacional de los Hogares (ENH) se realiza con el propósito de conocer las características de las viviendas; datos sociodemográficos acerca de los integrantes del hogar, su ocupación, educación y su percepción sobre su estado de salud; así como la disponibilidad de bienes y servicios de tecnologías de la información y las comunicaciones en los hogares. A su vez, permite alimentar las cuentas satélites del Sistema de Cuentas Nacionales de México",,,,Tipo de vivienda* Asistencia escolar*Nivel de instrucción*Conexión de WIFI*Estrato socioeconómico*Número de trabajos,Condición de asistencia a la escuela*Tipo de vivienda*Disponibilidad de agua en la vivienda*Hacinamiento,Entidad federativa,SI,http://www.beta.inegi.org.mx/proyectos/enchogares/regulares/enh/2015/default.html,42569,ANUAL,,FILANTROPÍA,Fundación Carlos Slim,,
"ENCUESTA NACIONAL DE OCUPACIÓN Y EMPLEO (ENOE), POBLACIÓN DE 15 AÑOS Y MÁS DE EDAD",MÉXICO,8 TRABAJO DECENTE Y CRECIMIENTO ECONÓMICO,,SECTOR PÚBLICO,INSTITUTO NACIONAL DE ESTADÍSTICA Y GEOGRAFÍA,ENCUESTA POR MUESTREO,"La ENOE tiene como objetivo obtener información estadística sobre las características ocupacionales de la población a nivel nacional, así como otras variables demográficas y económicas que permitan profundizar en el análisis de los aspectos laborales.",,,,Localidad*Municipio*Estrato*Sexo*Edad*Día de nacimiento*Población ocupada por posición en la ocupación*Clasificación de la población en PEA y PNEA*Población ocupada por duración de la jornada*Ocupación ocupada por prestaciones de salud,Ocupación informal por posición en la ocupación*Ocupados en unidades económicas del sector informal por posición en la ocupación*Ocupación informal*Nivel de instrucción por ocupación formal e informal*Composición porcentual ocupacional por sexo y sector formal e informal*Ocupación por sector de actividad económica*Ocupación formal e informal por nivel de ingresos*Tasa de ocupación en el sector informal,NACIONAL,SI,,42578,TRIMESTRAL,,,,,
FINANZAS PÚBLICAS ESTATALES Y MUNICIPALES,MÉXICO,"16 PAZ, JUSTICIA E INSTITUCIONES SÓLIDAS",,SECTOR PÚBLICO,INSTITUTO NACIONAL DE ESTADÍSTICA Y GEOGRAFÍA,REGISTRO ADMINISTRATIVO,"Generar información estadística relativa al origen y aplicación de los recursos financieros de los gobiernos estatales y municipales, con el fin de mostrar el comportamiento de los gobiernos en los ámbitos económico y social, contribuyendo a la transparencia de la acción pública, así como coadyuvar en la toma de decisiones en materia de política fiscal y financiera.",,,,Impuestos*Ingresos brutos*Derechos*Productos*Participaciones federales*Aportaciones federales*Financiamiento*Otros ingresos*Egresos brutos*Egresos netos*Transferencias*Servicios generales*Subsidios*Inversión financiera,Ingresos y egresos por entidad federativa*Ingresos y egresos brutos de los municipios por estado*Ingresos brutos del Gobierno de la ciudad de México,NACIONAL,SI,,42578,ANUAL,,,,Pendiente revisar usuarios,
ENCUESTA NACIONAL SOBRE SALUD Y ENVEJECIMIENTO EN MÉXICO (ENASEM) 2012,MÉXICO,3 SALUD Y BIENESTAR,,SECTOR PÚBLICO,INSTITUTO NACIONAL DE ESTADÍSTICA Y GEOGRAFÍA,ENCUESTA POR MUESTREO,"La ENASEM tiene el propósito de actualizar la información estadística recabada en los levantamientos anteriores (2001-2003), realizados con la colaboración de investigadores de las Universidades de Pennsylvania, Maryland y Wisconsin, EE.UU., sobre la población de 50 años y más en México, para que permita evaluar el proceso de envejecimiento, el impacto de las enfermedades y la discapacidad, en la realización de sus actividades.",,,,Historia laboral*Ocupación*Posición en el trabajo*Reportes de condiciones de salud*Estado funcional*desempeño en lectura y estado cognitivo,"Características sociodemográficas de los sujetos de estudio*Medidas de salud, estado funcional, estilo de vida, depresión y estado cognitivo*Atributos demográficos de los hijos*Historial migratorio*Ayuda en dinero o especie otorgado y recibido de familiares*Datos económicos, ingresos laborales, pensiones y valor de bienes inmobiliarios y financieros*Historia laboral, ocupación, posición en el trabajo y lugar de trabajo actual*Características de la vivienda*Impresiones personales sobre salud, estado económico individual, poder de decisión y nivel de ayuda familiar*Viudez e información acerca del último año de vida de los entrevistados fallecidos",NACIONAL,SI,,42580,NO ESTABLECIDO,,,,Pendiente revisar usuarios,
ENCUESTA NACIONAL SOBRE DISPONIBILIDAD Y USO DE LAS TECNOLOGÍAS DE LA INFORMACIÓN EN LOS HOGARES (ENDUTIH 2015),MÉXICO,"9 INDUSTRIA, INNOVACIÓN E INFRAESTRUCTURA",,SECTOR PÚBLICO,INSTITUTO NACIONAL DE ESTADÍSTICA Y GEOGRAFÍA,ENCUESTA POR MUESTREO,Generar información estadística que permita conocer situación de disponibilidad y el uso de las TIC en los hogares y por los individuos de seis y más años de edad en México.,,,,"Número de habitantes del hogar*Nivel de instrucción de los habitantes*Condición de ocupación de los habitantes*Condición de disponibilidad en el hogar de línea telefónica fi ja
 en el hogar*Condición de disponibilidad de computadora en el hogar*Condición de disponibilidad de acceso a Internet en el hogar*Medio de conexión de la computadora a Internet*Cantidad de usuarios de computadora, Internet y teléfono
 celular","Disponibilidad de TIC en los hogares*Penetración de tecnologías seleccionadas*Hogar con TV, por tipo de tecnología*Hogares sin computadora por principales razones*Usuarios de TIC en México","ENTIDAD FEDERATIVA: 2010-2011, Y 2013-2015*AGREGADO DE 32 CIUDADES: 2015",SI,,42580,NO ESTABLECIDO,,,,Pendiente revisar usuarios,
CENSO NACIONAL DE IMPARTICIÓN DE JUSTICIA ESTATAL,MÉXICO,"16 PAZ, JUSTICIA E INSTITUCIONES SÓLIDAS",,SECTOR PÚBLICO,INSTITUTO NACIONAL DE ESTADÍSTICA Y GEOGRAFÍA,CENSO,"Solicitar, recopilar y difundir información estadística y geográfica de los órganos jurisdiccionales y administrativos, así como de las instituciones que integran a los Poderes Judiciales de las Entidades Federativas en su función de impartición de justicia, a efecto de que dicha información se vincule con el quehacer gubernamental dentro del proceso de diseño, implementación, monitoreo y evaluación de las políticas públicas de alcance nacional en la materia de impartición de justicia.",,,,,,,SI,http://www.inegi.org.mx/est/contenidos/proyectos/censosgobierno/cng2011pje_ij/default.aspx,42580,ANUAL,2011,,,,http://www.inegi.org.mx/est/contenidos/proyectos/censosgobierno/cng2011pje_ij/default.aspx
CENSOS ECONÓMICOS 2014,MÉXICO,8 TRABAJO DECENTE Y CRECIMIENTO ECONÓMICO,,SECTOR PÚBLICO,INSTITUTO NACIONAL DE ESTADÍSTICA Y GEOGRAFÍA,CENSO,"Obtener información estadística básica y actualizada, referida al año 2013, sobre los establecimientos productores de bienes, comercializadores de mercancías y prestadores de servicios, para generar indicadores económicos de México a un gran nivel de detalle geográfico, sectorial y temático.",,,,,,,SI,http://www.inegi.org.mx/est/contenidos/proyectos/ce/ce2014/default.aspx,42580,NO ESTABLECIDO,2014,,,,http://www.inegi.org.mx/est/contenidos/proyectos/ce/ce2014/default.aspx
ENCUESTA ANUAL DE EMPRESAS CONSTRUCTORAS (EAEC),MÉXICO,"9 INDUSTRIA, INNOVACIÓN E INFRAESTRUCTURA",,SECTOR PÚBLICO,INSTITUTO NACIONAL DE ESTADÍSTICA Y GEOGRAFÍA,ENCUESTA POR MUESTREO,"La Encuesta Anual para Empresas Constructoras (EAEC) se realiza para generar información estadística confiable que permita elaborar una serie de indicadores económicos con el propósito de conocer la evolución, comportamiento y estructura del sector, así como para evaluar los cambios que se presentan a través del tiempo incrementando el acervo históricoestadístico
 del sector.",,,,,,,SI,http://www.inegi.org.mx/est/contenidos/Proyectos/encuestas/establecimientos/secundario/eaec/default.aspx,,ANUAL,2014,,,,http://www.inegi.org.mx/est/contenidos/Proyectos/encuestas/establecimientos/secundario/eaec/default.aspx
ENCUESTA NACIONAL DE EMPLEO Y CAPACITACIÓN DEL SECTOR TURISMO,MÉXICO,8 TRABAJO DECENTE Y CRECIMIENTO ECONÓMICO,,SECTOR PÚBLICO,INSTITUTO NACIONAL DE ESTADÍSTICA Y GEOGRAFÍA,ENCUESTA POR MUESTREO,Generar estadísticas sobre las principales características de la población ocupada en el sector turismo.,,,,,,,SI,http://www.inegi.org.mx/est/contenidos/espanol/proyectos/metadatos/encuestas/enecst_236.asp?s=est&c=10631,,NO ESTABLECIDO,1993,,,,http://www.inegi.org.mx/est/contenidos/espanol/proyectos/metadatos/encuestas/enecst_236.asp?s=est&c=10631
"ENCUESTA NACIONAL DE EMPLEO, SALARIOS, TECNOLOGÍA Y CAPACITACIÓN EN EL SECTOR MANUFACTURERO",MÉXICO,8 TRABAJO DECENTE Y CRECIMIENTO ECONÓMICO,,SECTOR PÚBLICO,INSTITUTO NACIONAL DE ESTADÍSTICA Y GEOGRAFÍA,ENCUESTA POR MUESTREO,"Generar información estadística, que permita medir el impacto de la transformación estructural en el ámbito productivo, el empleo, las remuneraciones, las nuevas formas de contratación de personal y la formación de los recursos humanos, a fin de contar con elementos que incidan en el diseño de una política laboral eficaz para el sector.",,,,,,,SI,http://www.inegi.org.mx/est/contenidos/espanol/proyectos/metadatos/encuestas/enestcsm_235.asp?s=est&c=10627,,NO ESTABLECIDO,2010,,,,http://www.inegi.org.mx/est/contenidos/espanol/proyectos/metadatos/encuestas/enestcsm_235.asp?s=est&c=10627
ENCUESTA ANUAL DE TRANSPORTE (EAT),MÉXICO,11 CIUDADES Y COMUNIDADES SOSTENIBLES,,SECTOR PÚBLICO,INSTITUTO NACIONAL DE ESTADÍSTICA Y GEOGRAFÍA,ENCUESTA POR MUESTREO,Generar estadísticas que permitan caracterizar aspectos básicos del sector transportes.,,,,,,,SI,http://www.inegi.org.mx/est/contenidos/Proyectos/encuestas/establecimientos/terciario/eat/default.aspx,,ANUAL,2016,,,,http://www.inegi.org.mx/est/contenidos/Proyectos/encuestas/establecimientos/terciario/eat/default.aspx
ENCUESTA SOBRE TECNOLOGÍAS DE LA INFORMACIÓN Y LAS COMUNICACIONES (ENTIC 2013),MÉXICO,"9 INDUSTRIA, INNOVACIÓN E INFRAESTRUCTURA",,SECTOR PÚBLICO,INSTITUTO NACIONAL DE ESTADÍSTICA Y GEOGRAFÍA,ENCUESTA POR MUESTREO,"La Encuesta sobre Tecnologías de la Información y las Comunicaciones tiene como objetivo obtener información relacionada con los recursos humanos, financieros y de infraestructura que las empresas del sector privado destinan en la utilización de las tecnologías de la información, que permita generar estadísticas e indicadores que apoyen el diseño de políticas públicas para el desarrollo del sector productivo relacionado con estas tecnologías.",,,,,,,SI,http://www.inegi.org.mx/est/contenidos/proyectos/encuestas/establecimientos/otras/entic/default.aspx,,NO ESTABLECIDO,2013,,,,http://www.inegi.org.mx/est/contenidos/proyectos/encuestas/establecimientos/otras/entic/default.aspx
ENCUESTA NACIONAL DE INCLUSIÓN FINANCIERA (ENIF),MÉXICO,8 TRABAJO DECENTE Y CRECIMIENTO ECONÓMICO,,SECTOR PÚBLICO,INSTITUTO NACIONAL DE ESTADÍSTICA Y GEOGRAFÍA,ENCUESTA POR MUESTREO,Proporcionar información que permita diseñar políticas públicas en materia de uso y acceso a servicios y productos financieros con la que se generen indicadores oficiales a nivel nacional que permitan a las dependencias públicas el diagnóstico y establecimiento de metas a corto y largo plazo.,,,,,,,SI,http://www.inegi.org.mx/est/contenidos/proyectos/encuestas/hogares/especiales/enif/default.aspx,,TRIANUAL,2015,,,,http://www.inegi.org.mx/est/contenidos/proyectos/encuestas/hogares/especiales/enif/default.aspx
ENCUESTA NACIONAL DE CONSUMO CULTURAL DE MÉXICO (ENCCUM),MÉXICO,11 CIUDADES Y COMUNIDADES SOSTENIBLES,,SECTOR PÚBLICO,INSTITUTO NACIONAL DE ESTADÍSTICA Y GEOGRAFÍA,ENCUESTA POR MUESTREO,Obtener información sobre los gastos realizados por los integrantes de los hogares en distintos aspectos del ámbito cultural para proporcionar una visión cuantitativa de los aspectos económicos asociados a la cultura en México.,,,,,,,SI,http://www.inegi.org.mx/est/contenidos/proyectos/encuestas/hogares/especiales/enccum/2012/default.aspx,,NO ESTABLECIDO,2012,,,,http://www.inegi.org.mx/est/contenidos/proyectos/encuestas/hogares/especiales/enccum/2012/default.aspx
ENCUESTA NACIONAL SOBRE USO DEL TIEMPO,MÉXICO,5 IGUALDAD DE GÉNERO,,SECTOR PÚBLICO,INSTITUTO NACIONAL DE ESTADÍSTICA Y GEOGRAFÍA,ENCUESTA POR MUESTREO,"Proporcionar información estadística necesaria para la medición de todas las formas de trabajo de los individuos, tanto remunerado como no remunerado, y hacer visible la importancia de la producción doméstica y su contribución a la economía.",,,,,,,SI,http://www.inegi.org.mx/est/contenidos/proyectos/encuestas/hogares/especiales/enut/enut2014/default.aspx,,NO ESTABLECIDO,2014,,,,http://www.inegi.org.mx/est/contenidos/proyectos/encuestas/hogares/especiales/enut/enut2014/default.aspx
ENCUESTA NACIONAL SOBRE USO DEL TIEMPO,MÉXICO,8 TRABAJO DECENTE Y CRECIMIENTO ECONÓMICO,,SECTOR PÚBLICO,INSTITUTO NACIONAL DE ESTADÍSTICA Y GEOGRAFÍA,ENCUESTA POR MUESTREO,"Proporcionar información estadística necesaria para la medición de todas las formas de trabajo de los individuos, tanto remunerado como no remunerado, y hacer visible la importancia de la producción doméstica y su contribución a la economía.",,,,,,,SI,http://www.inegi.org.mx/est/contenidos/proyectos/encuestas/hogares/especiales/enut/enut2014/default.aspx,,NO ESTABLECIDO,2014,,,,http://www.inegi.org.mx/est/contenidos/proyectos/encuestas/hogares/especiales/enut/enut2014/default.aspx
ENCUESTA NACIONAL DE SEGURIDAD PÚBLICA URBANA,MÉXICO,"16 PAZ, JUSTICIA E INSTITUCIONES SÓLIDAS",,SECTOR PÚBLICO,INSTITUTO NACIONAL DE ESTADÍSTICA Y GEOGRAFÍA,ENCUESTA POR MUESTREO,"Obtener información que permita realizar estimaciones con representatividad a nivel
 nacional sobre la percepción de la población sobre la seguridad pública en su ciudad. Se
 busca proporcionar información al público en general y proveer elementos para la toma
 de decisiones de política pública en materia de seguridad.",,,,,,,SI,http://www.beta.inegi.org.mx/proyectos/enchogares/regulares/ensu/,,TRIMESTRAL,42537,,,,http://www.beta.inegi.org.mx/proyectos/enchogares/regulares/ensu/
ENCUESTA NACIONAL DE SEGURIDAD PÚBLICA URBANA,MÉXICO,11 CIUDADES Y COMUNIDADES SOSTENIBLES,,SECTOR PÚBLICO,INSTITUTO NACIONAL DE ESTADÍSTICA Y GEOGRAFÍA,ENCUESTA POR MUESTREO,"Obtener información que permita realizar estimaciones con representatividad a nivel
 nacional sobre la percepción de la población sobre la seguridad pública en su ciudad. Se
 busca proporcionar información al público en general y proveer elementos para la toma
 de decisiones de política pública en materia de seguridad.",,,,,,,SI,http://www.beta.inegi.org.mx/proyectos/enchogares/regulares/ensu/,,TRIMESTRAL,42537,,,,http://www.beta.inegi.org.mx/proyectos/enchogares/regulares/ensu/
ENCUESTA NACIONAL DE VICTIMIZACIÓN Y PERCEPCIÓN SOBRE SEGURIDAD PÚBLICA (ENVIPE),MÉXICO,"16 PAZ, JUSTICIA E INSTITUCIONES SÓLIDAS",,SECTOR PÚBLICO,INSTITUTO NACIONAL DE ESTADÍSTICA Y GEOGRAFÍA,ENCUESTA POR MUESTREO,"Obtener información con representatividad a nivel nacional y estatal que permita realizar estimaciones de la prevalencia delictiva que afectó a los hogares durante 2014, los niveles de incidencia delictiva y cifra negra. Asimismo, se busca obtener información sobre la percepción de la seguridad pública, así como el desempeño de las instituciones a cargo de la seguridad pública y la justicia. También se recaba información sobre las características del delito, el contexto de la victimización y el impacto económico y social del delito. Esto con el fin de proveer información al público en general y generar elementos para la toma de decisiones de política pública en estas materias.",,,,,,,SI,http://www.inegi.org.mx/est/contenidos/proyectos/encuestas/hogares/regulares/envipe/default.aspx,,ANUAL,2015,,,,http://www.inegi.org.mx/est/contenidos/proyectos/encuestas/hogares/regulares/envipe/default.aspx
ENCUESTA NACIONAL DE VICTIMIZACIÓN Y PERCEPCIÓN SOBRE SEGURIDAD PÚBLICA (ENVIPE),MÉXICO,11 CIUDADES Y COMUNIDADES SOSTENIBLES,,SECTOR PÚBLICO,INSTITUTO NACIONAL DE ESTADÍSTICA Y GEOGRAFÍA,ENCUESTA POR MUESTREO,"Obtener información con representatividad a nivel nacional y estatal que permita realizar estimaciones de la prevalencia delictiva que afectó a los hogares durante 2014, los niveles de incidencia delictiva y cifra negra. Asimismo, se busca obtener información sobre la percepción de la seguridad pública, así como el desempeño de las instituciones a cargo de la seguridad pública y la justicia. También se recaba información sobre las características del delito, el contexto de la victimización y el impacto económico y social del delito. Esto con el fin de proveer información al público en general y generar elementos para la toma de decisiones de política pública en estas materias.",,,,,,,SI,http://www.inegi.org.mx/est/contenidos/proyectos/encuestas/hogares/regulares/envipe/default.aspx,,ANUAL,2015,,,,http://www.inegi.org.mx/est/contenidos/proyectos/encuestas/hogares/regulares/envipe/default.aspx
ENCUESTA NACIONAL DE INGRESOS Y GASTOS DE LOS HOGARES,MÉXICO,1 FIN DE LA POBREZA,,SECTOR PÚBLICO,INSTITUTO NACIONAL DE ESTADÍSTICA Y GEOGRAFÍA,ENCUESTA POR MUESTREO,"Proporcionar un panorama estadístico del comportamiento de los ingresos y gastos de los hogares en cuanto a su monto, procedencia y distribución; adicionalmente ofrece información sobre las características ocupacionales y sociodemográficas de los integrantes del hogar, así como las características de la infraestructura de la vivienda y el equipamiento del hogar.",,,,,,,SI,http://www.inegi.org.mx/est/contenidos/proyectos/encuestas/hogares/regulares/enigh/default.aspx,,BIANUAL,2014,,,,http://www.inegi.org.mx/est/contenidos/proyectos/encuestas/hogares/regulares/enigh/default.aspx
ENCUESTA NACIONAL DE INGRESOS Y GASTOS DE LOS HOGARES,MÉXICO,10 REDUCCIÓN DE LAS DESIGUALDADES,,SECTOR PÚBLICO,INSTITUTO NACIONAL DE ESTADÍSTICA Y GEOGRAFÍA,ENCUESTA POR MUESTREO,"Proporcionar un panorama estadístico del comportamiento de los ingresos y gastos de los hogares en cuanto a su monto, procedencia y distribución; adicionalmente ofrece información sobre las características ocupacionales y sociodemográficas de los integrantes del hogar, así como las características de la infraestructura de la vivienda y el equipamiento del hogar.",,,,,,,SI,http://www.inegi.org.mx/est/contenidos/proyectos/encuestas/hogares/regulares/enigh/default.aspx,,BIANUAL,2014,,,,http://www.inegi.org.mx/est/contenidos/proyectos/encuestas/hogares/regulares/enigh/default.aspx
,MÉXICO,,,SECTOR PÚBLICO,INSTITUTO NACIONAL DE ESTADÍSTICA Y GEOGRAFÍA,,,,,,,,,,,,,,,,,
RECURSOS ENTREGADOS DE LOS APOYOS DEL PRONAFOR,MÉXICO,13 ACCIÓN POR EL CLIMA,,SECTOR PÚBLICO,COMISION NACIONAL FORESTAL,REGISTRO ADMINISTRATIVO,"Reporta con detalle la información de los recursos entregados para Programas del Gobierno Federal a través de la CONAFOR, con desglose de estado y categorías. La actualización de avances para el ejercicio vigente se realiza semanalmente.",,,,,,,SI,http://catalogo.datos.gob.mx/organization/conafor,,ANUAL,2016,,,,http://catalogo.datos.gob.mx/organization/conafor
,MÉXICO,,,,PEMEX,,,,,,,,,,,,,,,,,
ENCUESTA NACIONAL SOBRE NIVEL DE VIDA DE LOS HOGARES,MÉXICO,1 FIN DE LA POBREZA,,ACADEMIA,CENTRO DE INVESTIGACIÓN Y DOCENCIA Y UNIVERSIDAD IBEROAMERICANA,ENCUESTA POR MUESTREO,Proporcionar información adecuada para analizar distintas dimensiones del bienestar de la población mexicana y estudiar los cambios en dicho bienestar a través del tiempo.,,,,,,,SI,http://www.ennvih-mxfls.org/ennhiv-3.html,42588,TRIANUAL,2012,,,,
INFORME DE SECUESTRO,MÉXICO,"16 PAZ, JUSTICIA E INSTITUCIONES SÓLIDAS",,SOCIEDAD CIVIL,ALTO AL SECUESTRO,REGISTRO ADMINISTRATIVO,Generar información sobre la sitaución del secuestro en México,,,,,,,SI,http://altoalsecuestro.com.mx/estadisticas/,42588,NO ESTABLECIDO,42506,,,,
SISTEMA INFANTIL TELETÓN,MÉXICO,3 SALUD Y BIENESTAR,,FILANTROPÍA,FUNDACIÓN TELETÓN MÉXICO,REGISTRO ADMINISTRATIVO,"Es el sistema de rehabilitación infantil privado más grande del mundo, tiene como objetivo unificar la estructura de funcionamiento y mantener los mismos estándares de calidad en todos los centros de rehabilitación infantil.",,,,,,,NO,FUNDACIÓN TELETÓN MÉXICO,42588,NO ESTABLECIDO,2015,,,Pendiente por confirmar nombre de los datos,
CALIDAD DE LOS ACTIVOS,MÉXICO,8 TRABAJO DECENTE Y CRECIMIENTO ECONÓMICO,,SECTOR PRIVADO,GENTERA,REGISTRO ADMINISTRATIVO,Proporcionar información sobre la calidad de los activos de la empresa,,,,,,,NO,https://www.gentera.com.mx/wps/portal/!ut/p/c1/04_SB8K8xLLM9MSSzPy8xBz9CP0os3g_QwsTQydnA3cDXy9TA8dQb0sfYwMjw0A_U6B8JJK8e7CnM1DexNPL0dnJyMDfjIDu4NQ8_XCQnbjN8DHBLw-yA5-8gQFE3gAHcDTQ9_PIz03VL8iNqPDMDEgHAFmOU3U!/dl2/d1/L0lHSkovd0RNQUprQUVnQSEhL1lCWncvZXM!/?mosHist=1,42591,TRIMESTRAL,2015,,,,https://www.gentera.com.mx/wps/wcm/connect/?MOD=PDMProxy&TYPE=personalization&ID=NONE&KEY=NONE&LIBRARY=%2FcontentRoot%2Ficm%3Alibraries&FOLDER=%2FGrupo+Compartamos%2FMediosPrensa%2FBoletines2015%2F&DOC_NAME=%2FcontentRoot%2Ficm%3Alibraries%2FGrupo+Compartamos%2FMediosPrensa%2FBoletines2015%2FGENTERA+PR+4Q15_ESP_ok.pdf&VERSION_NAME=NONE&VERSION_DATE=NONE&IGNORE_CACHE=false&CONVERT=text/html&MUST_CONVERT=false
INFORME DE SUSTENTABILIDAD 2015,MÉXICO,12 PRODUCCIÓN Y CONSUMO RESPONSABLES,,SECTOR PRIVADO,BIO PAPPEL,REGISTRO ADMINISTRATIVO,"Reflejar el compromiso que Bio Pappel mantiene con los 10 principios del Pacto Mundial de Naciones Unidas, en materia de derechos humanos y laborales, medio ambiente y cero tolerancia a la corrupción",,,,,,,SI,http://static.globalreporting.org/report-pdfs/2016/efb1bc4bb559192e27eb8be3e05b132c.pdf,42591,ANUAL,2015,,,,http://static.globalreporting.org/report-pdfs/2016/efb1bc4bb559192e27eb8be3e05b132c.pdf
DESARROLLO SUSTENTABLE 2014 PERSPECTIVA,MÉXICO,12 PRODUCCIÓN Y CONSUMO RESPONSABLES,,SECTOR PRIVADO,CEMEX MÉXICO,REGISTRO ADMINISTRATIVO,Presentar las acciones de la empresa orientadas a contribuir a la generación de comunidades autosustentables y productivas mediante la capacitación de sus habitantes.,,,,,,,SI,http://www.cemexmexico.com/DesarrolloSustentables/files/CEMEXMX_IDS2014.pdf,42591,ANUAL,2014,,,,http://www.cemexmexico.com/DesarrolloSustentables/files/CEMEXMX_IDS2014.pdf
,,,,,AGROASEMEX S.A.,,,,,,,,,,,,,,,,,
CÁNCER DE LA MUJER (SICAM) CÁNCER CÉRVICO UTERINO,MÉXICO,3 SALUD Y BIENESTAR,,SECTOR PÚBLICO,CENTRO NACIONAL DE EQUIDAD DE GÉNERO Y SALUD REPRODUCTIVA,REGISTRO ADMINISTRATIVO,Brindar información generada en el tamizaje de Cáncer Cérvico Uterino en edades de 35 a 64 años,,,,,,,SI,http://catalogo.datos.gob.mx/organization/cnegsr,,,42445,,,,http://catalogo.datos.gob.mx/organization/cnegsr
TASA DE MORTALIDAD NEONATAL 1990-2013,MÉXICO,3 SALUD Y BIENESTAR,,SECTOR PÚBLICO,SECRETARÍA DE SALUD,REGISTRO ADMINISTRATIVO,"Informar sobre el número de defunciones de niños de 0 a 27 días de edad por cada mil nacidos vivos, en el año de referencia.",,,,,,,,http://catalogo.datos.gob.mx/dataset/indicadores-ods/resource/ec590fd0-9b3b-436d-b7eb-9fcd54e96690,,,,,,,http://catalogo.datos.gob.mx/dataset/indicadores-ods/resource/ec590fd0-9b3b-436d-b7eb-9fcd54e96690
TASA DE MORTALIDAD POR VIH/SIDA,MÉXICO,3 SALUD Y BIENESTAR,,SECTOR PÚBLICO,SECRETARÍA DE SALUD,REGISTRO ADMINISTRATIVO,"Informar sobre las defunciones por VIH/SIDA en la población general, en un año específico, por cada 100 mil habitantes.",,,,,,,,http://catalogo.datos.gob.mx/dataset/indicadores-ods/resource/f8b792f3-2f26-4b56-b7dd-f01834c14dff,,,,,,,http://catalogo.datos.gob.mx/dataset/indicadores-ods/resource/f8b792f3-2f26-4b56-b7dd-f01834c14dff
PROPORCIÓN DE NACIDOS VIVOS CON BAJO PESO AL NACER,MÉXICO,3 SALUD Y BIENESTAR,,SECTOR PÚBLICO,SECRETARÍA DE SALUD,REGISTRO ADMINISTRATIVO,"Informar sobre el porcentaje de nacidos vivos con bajo peso al nacer, menor a 2500 gr con respecto al total de nacidos vivos ocurridos",,,,,,,,http://catalogo.datos.gob.mx/dataset/indicadores-ods/resource/e7ab370c-1191-4b67-aebe-f9c13187a9aa,,,,,,,http://catalogo.datos.gob.mx/dataset/indicadores-ods/resource/e7ab370c-1191-4b67-aebe-f9c13187a9aa
TASA DE ALFABETIZACIÓN DE LAS PERSONAS DE 15 A 24 AÑOS DE EDAD,MÉXICO,4 EDUCACION DE CALIDAD,,SECTOR PÚBLICO,SECRETARÍA DE EDUCACIÓN,REGISTRO ADMINISTRATIVO,,,,,,,,,,,,,,,,