DATOS,PAÍS,ODS,INDICADOR ODS,TIPO DE FUENTE,FUENTE,MÉTODO DE RECOLECCIÓN,OBJETIVO DE LOS DATOS,LEGISLACIÓN RECOLECCIÓN,LEGISLACIÓN CONFIDENCIALIDAD,LEGISLACIÓN RESTRICCIÓN A LA COMERCIALIZACIÓN,VARIABLES,INFORMACIÓN GENERADA,DESAGREGACIÓN GEOGRÁFICA,DISPONIBLE EN LÍNEA,FORMATO,DISPONIBLE EN,FECHA DE CONSULTA,PERIODICIDAD DE DIFUSIÓN,ÚLTIMA PUBLICACIÓN,CATEGORIAS USUARIOS,USUARIOS DE LA INFORMACIÓN,FUENTE,OBSERVACIONES
ENCUESTA SOBRE CONSUMO DE DROGAS EN POBLACIÓN SECUNDARIA,COSTA RICA,3 SALUD Y BIENESTAR,,SECTOR PÚBLICO,INSTITUTO SOBRE ALCOHOLISMO Y FARMACODEPENDENCIA -IAFA,ENCUESTA POR MUESTREO,Generar un acercamiento a los patrones de consumo de los adolescentes que asisten a centros educativos de enseñanza media.,,,,"Consumo en estudiantes de tabaco, alcohol o spa * Edad de primer consumo * Percepción de riesgo por consumo * Consumo familiar* Exposición a la oferta* Curiosidad por el consumo",Edad de primer consumo por grado escolar * Edad de primer consumo por sexo * Proporción de incidencia * Tasa de prevalencia,PROVINCIA,SI,XLSX*CSV,http://datosabiertos.iafa.go.cr/dashboards/19327/consumo-de-alcohol-entre-estudiantes-de-secundaria/,12/07/2016,TRIANUAL,2015,,,http://datosabiertos.iafa.go.cr/dashboards/19327/consumo-de-alcohol-entre-estudiantes-de-secundaria/,Contacto: sperez@iafa.go.cr
REGISTRO CENTROS DE ATENCIÓN INTEGRAL EN DROGAS (CAIDs),COSTA RICA,3 SALUD Y BIENESTAR,,SECTOR PÚBLICO,INSTITUTO SOBRE ALCOHOLISMO Y FARMACODEPENDENCIA -IAFA,REGISTRO ADMINISTRATIVO,Brindar información sobre los distintos servicios de consulta y tratamiento a consumidores ofrecidos en Costa Rica,,,,Número de atenciones brindadas * Caracterización sociodemográfica de los pacientes* Sustancia principal consumida * Ubicación centros de atención,Georreferenciación centros de consumo* Atenciones brindadas según principal sustancia de consumo* Desagregaciones por sexo* Desagregaciones por edad* Desagregaciones por año,COORDENADAS EXACTAS,SI,XLSX*CSV,http://datosabiertos.iafa.go.cr/dashboards/19246/datos-de-tratamiento/,12/07/2016,ANUAL,2015,,,http://datosabiertos.iafa.go.cr/dashboards/19246/datos-de-tratamiento/,
ENCUESTA CONTINUA DE EMPLEO (ECE),COSTA RICA,8 TRABAJO DECENTE Y CRECIMIENTO ECONÓMICO,,SECTOR PÚBLICO,"INSTITUTO NACIONAL DE ESTADÍSTICAS Y CENSOS ""INEC""",ENCUESTA POR MUESTREO,"Obtener información constante respecto a la población empleada y desempleada del país, con los datos obtenidos se permitirán conocer mejor los efectos de las políticas y eventos económicos en el mercado laboral.",,,,Características demográficas * Características educativas * Población ocupada asalariada* Población independiente * Ocupación * Ingreso que reciben las personas por su trabajo * Condiciones del empleo,Ingreso mensual promedio en el empleo principal según características del empleo * Población ocupada asalariada e independiente según condición del empleo * Población ocupada según características del empleo * Población según indicadores generales de la condición de actividad * Ingreso mensual promedio en el empleo principal según características del empleo.,REGIÓN DE PLANIFICACIÓN*URBANO Y RURAL*NACIONAL,SI,XLS,http://www.inec.go.cr/encuestas/encuesta-continua-de-empleo,14/07/2016,TRIIMESTRAL,I TRIMESTRE 2016,,,http://www.inec.go.cr/encuestas/encuesta-continua-de-empleo,
ENCUESTA DE HOGARES DE PROPÓSITOS MÚLTIPLES (EHPM),COSTA RICA,1 FIN DE LA POBREZA,,SECTOR PÚBLICO,"INSTITUTO NACIONAL DE ESTADÍSTICAS Y CENSOS ""INEC""",ENCUESTA POR MUESTREO,"Caracterizar la situación socioeconómica de las personas y sus hogares en temas como pobreza, la tenencia de vivienda y sus características, el acceso de las personas a la educación y al seguro social. Igualmente, el acceso a programas sociales utilización de servicios de salud, telecomunicaciones, trabajo infantil, migración, seguridad ciudadana, lactancia materna.",,,,Fuerza de trabajo * Personas empleadas * Personas sin empleo * Ingresos *Pobreza * Tenencia de vivienda * Características vivienda * Acceso a la educación * Acceso al seguro social * Acceso a salud,Cantidad y porcentaje de servicios de telefonía residencial y telefonía celular por zona * Cantidad y porcentaje de servicios de telefonía residencial y telefonía celular según región de planificación * Cantidad y porcentaje de viviendas que poseen diferentes TIC por zona según quintil del ingreso per cápita del hogar * Cantidad y porcentaje de viviendas que poseen diferentes TIC por zona según región * Cantidad y porcentaje de viviendas que tienen acceso a internet según región y tipo de acceso utilizado.,REGIÓN DE PLANIFICACIÓN*NACIONAL,SI,XLS,http://www.inec.go.cr/encuestas/encuesta-de-hogares-de-propositos-multiples,15/07/2016,NO ESTABLECIDO,2009,,,http://www.inec.go.cr/encuestas/encuesta-de-hogares-de-propositos-multiples,
ENCUESTA DE HOGARES DE PROPÓSITOS MÚLTIPLES (EHPM),COSTA RICA,3 SALUD Y BIENESTAR,,SECTOR PÚBLICO,"INSTITUTO NACIONAL DE ESTADÍSTICAS Y CENSOS ""INEC""",ENCUESTA POR MUESTREO,"Caracterizar la situación socioeconómica de las personas y sus hogares en temas como pobreza, la tenencia de vivienda y sus características, el acceso de las personas a la educación y al seguro social. Igualmente, el acceso a programas sociales utilización de servicios de salud, telecomunicaciones, trabajo infantil, migración, seguridad ciudadana, lactancia materna.",,,,Acceso al seguro social *Acceso a salud * Acceso a Lactancia materna,Cantidad y porcentaje de servicios de telefonía residencial y telefonía celular por zona * Cantidad y porcentaje de servicios de telefonía residencial y telefonía celular según región de planificación * Cantidad y porcentaje de viviendas que poseen diferentes TIC por zona según quintil del ingreso per cápita del hogar * Cantidad y porcentaje de viviendas que poseen diferentes TIC por zona según región * Cantidad y porcentaje de viviendas que tienen acceso a internet según región y tipo de acceso utilizado,REGIÓN DE PLANIFICACIÓN*NACIONAL,SI,XLS,http://www.inec.go.cr/encuestas/encuesta-de-hogares-de-propositos-multiples,15/07/2016,NO ESTABLECIDO,2009,,,http://www.inec.go.cr/encuestas/encuesta-de-hogares-de-propositos-multiples,
ENCUESTA DE HOGARES DE PROPÓSITOS MÚLTIPLES (EHPM),COSTA RICA,8 TRABAJO DECENTE Y CRECIMIENTO ECONÓMICO,,SECTOR PÚBLICO,"INSTITUTO NACIONAL DE ESTADÍSTICAS Y CENSOS ""INEC""",ENCUESTA POR MUESTREO,"Caracterizar la situación socioeconómica de las personas y sus hogares en temas como pobreza, la tenencia de vivienda y sus características, el acceso de las personas a la educación y al seguro social. Igualmente, el acceso a programas sociales utilización de servicios de salud, telecomunicaciones, trabajo infantil, migración, seguridad ciudadana, lactancia materna.",,,,Fuerza de trabajo * Personas empleadas * Personas sin empleo * Ingresos *Pobreza * Tenencia de vivienda y sus características * Acceso a la educación * Acceso al seguro social *Acceso a salud,Cantidad y porcentaje de servicios de telefonía residencial y telefonía celular por zona * Cantidad y porcentaje de servicios de telefonía residencial y telefonía celular según región de planificación * Cantidad y porcentaje de viviendas que poseen diferentes TIC por zona según quintil del ingreso per cápita del hogar * Cantidad y porcentaje de viviendas que poseen diferentes TIC por zona según región * Cantidad y porcentaje de viviendas que tienen acceso a internet según región y tipo de acceso utilizado.,REGIÓN DE PLANIFICACIÓN*NACIONAL,SI,XLS,http://www.inec.go.cr/encuestas/encuesta-de-hogares-de-propositos-multiples,15/07/2016,NO ESTABLECIDO,2009,,,http://www.inec.go.cr/encuestas/encuesta-de-hogares-de-propositos-multiples,
ENCUESTA NACIONAL A EMPRESAS (ENAE),COSTA RICA,8 TRABAJO DECENTE Y CRECIMIENTO ECONÓMICO,,SECTOR PÚBLICO,"INSTITUTO NACIONAL DE ESTADÍSTICAS Y CENSOS ""INEC""",ENCUESTA POR MUESTREO,Presentar información relacionada con el sector empresarial,,,,Trabajador por sector económico * Caracterización demográfica del trabajador * Caracterización por sexo * Grupo ocupacional * Tipo de contrato,"Empresas por trimestre según sector económico * Horas extraordinarias mensuales remuneradas por trabajador, por sexo, según trimestre y grupo ocupacional * Horas extraordinarias mensuales remuneradas por trabajador, por sexo, según trimestre y sector económico *Horas ordinarias mensuales remuneradas por trabajador * Puestos vacantes por trimestre, según grupo ocupacional",NACIONAL,SI,XLS,http://www.inec.go.cr/encuesta-nacional-empresas,16/07/2016,TRIMESTRAL,2015,,,http://www.inec.go.cr/encuesta-nacional-empresas,
ENCUESTA NACIONAL DE HOGARES (ENAHO),COSTA RICA,1 FIN DE LA POBREZA,,SECTOR PÚBLICO,"INSTITUTO NACIONAL DE ESTADÍSTICAS Y CENSOS ""INEC""",ENCUESTA POR MUESTREO,"La Encuesta Nacional de Hogares es un programa de recolección de datos cuyo enfoque está asociado al nivel de bienestar de la población, especialmente centrados en la conformación del ingreso de los hogares, su distribución y características de los hogares y la población en situación de pobreza.",,,,Tenencia de vivienda * Vivienda con telefonía residencial * Vivienda con telefonía celular * líneas telefónicas por región * Ingreso de los hogares * Condiciones de trabajo * Acceso a la educación * Acceso a seguro social * Acceso a Telecomunicacón* Lactancia materna,Cantidad y porcentaje de viviendas con telefonía residencial y telefonía celular por región de planificación según cantidad de líneas * Cantidad y porcentaje de viviendas con telefonía residencial y telefonía celular por zona según cantidad de líneas *Cantidad y porcentaje de viviendas que poseen diferentes TIC por quintil del ingreso per cápita del hogar según región de planificación y tenencia de TIC * Cantidad y porcentaje de viviendas que poseen diferentes TIC por quintil del ingreso per cápita del hogar según zona y tenencia de TIC * Cantidad y porcentaje de viviendas que poseen diferentes TIC por región de planificación según tenencia de TIC,REGIÓN DE PLANIFICACIÓN*NACIONAL,SI,XLS,http://www.inec.go.cr/encuestas/encuesta-nacional-de-hogares,16/07/2016,ANUAL,2015,,,http://www.inec.go.cr/encuestas/encuesta-nacional-de-hogares,
ENCUESTA NACIONAL DE HOGARES (ENAHO),COSTA RICA,3 SALUD Y BIENESTAR,,SECTOR PÚBLICO,"INSTITUTO NACIONAL DE ESTADÍSTICAS Y CENSOS ""INEC""",ENCUESTA POR MUESTREO,"La Encuesta Nacional de Hogares es un programa de recolección de datos cuyo enfoque está asociado al nivel de bienestar de la población, especialmente centrados en la conformación del ingreso de los hogares, su distribución y características de los hogares y la población en situación de pobreza.",,,,Tenencia de vivienda * Vivienda con telefonía residencial * Acceso a seguro social * Acceso a Telecomunicacón * Lactancia materna,Cantidad y porcentaje de viviendas con telefonía residencial y telefonía celular por región de planificación según cantidad de líneas * Cantidad y porcentaje de viviendas con telefonía residencial y telefonía celular por zona según cantidad de líneas *Cantidad y porcentaje de viviendas que poseen diferentes TIC por quintil del ingreso per cápita del hogar según región de planificación y tenencia de TIC * Cantidad y porcentaje de viviendas que poseen diferentes TIC por quintil del ingreso per cápita del hogar según zona y tenencia de TIC * Cantidad y porcentaje de viviendas que poseen diferentes TIC por región de planificación según tenencia de TIC,REGIÓN DE PLANIFICACIÓN*NACIONAL,SI,XLS,http://www.inec.go.cr/encuestas/encuesta-nacional-de-hogares,16/07/2016,ANUAL,2015,,,http://www.inec.go.cr/encuestas/encuesta-nacional-de-hogares,
ENCUESTA NACIONAL DE HOGARES (ENAHO),COSTA RICA,4 EDUCACIÓN DE CALIDAD,,SECTOR PÚBLICO,"INSTITUTO NACIONAL DE ESTADÍSTICAS Y CENSOS ""INEC""",ENCUESTA POR MUESTREO,"La Encuesta Nacional de Hogares es un programa de recolección de datos cuyo enfoque está asociado al nivel de bienestar de la población, especialmente centrados en la conformación del ingreso de los hogares, su distribución y características de los hogares y la población en situación de pobreza.",,,,*Acceso a la educación,Cantidad y porcentaje de viviendas con telefonía residencial y telefonía celular por región de planificación según cantidad de líneas * Cantidad y porcentaje de viviendas con telefonía residencial y telefonía celular por zona según cantidad de líneas *Cantidad y porcentaje de viviendas que poseen diferentes TIC por quintil del ingreso per cápita del hogar según región de planificación y tenencia de TIC * Cantidad y porcentaje de viviendas que poseen diferentes TIC por quintil del ingreso per cápita del hogar según zona y tenencia de TIC * Cantidad y porcentaje de viviendas que poseen diferentes TIC por región de planificación según tenencia de TIC,REGIÓN DE PLANIFICACIÓN*NACIONAL,SI,XLS,http://www.inec.go.cr/encuestas/encuesta-nacional-de-hogares,16/07/2016,ANUAL,2015,,,http://www.inec.go.cr/encuestas/encuesta-nacional-de-hogares,
ENCUESTA NACIONAL DE HOGARES PRODUCTORES (ENHOPRO),COSTA RICA,8 TRABAJO DECENTE Y CRECIMIENTO ECONÓMICO,,SECTOR PÚBLICO,"INSTITUTO NACIONAL DE ESTADÍSTICAS Y CENSOS ""INEC""",ENCUESTA POR MUESTREO,"Identificar y recolectar información sobre las personas que poseen algún tipo de micro o pequeño negocio donde se desarrolla alguna actividad económica por su cuenta, para evidenciar su aporte a la producción nacional.",,,,Nivel de educación * Edad y sexo emprendedores * Actividad económica * Créditos aprobados * Apoyo de instituciones * Tamaño del negocio * Permanencia en el mercado,"Emprendedores de los hogares con créditos aprobados por año según destino * Emprendedores de los hogares por año según sexo, grupo de edad, nivel de educación y otros * Emprendedores de los hogares por año y sexo según grupo de edad, nivel de educación, jefatura del hogar y otros * Emprendimientos de los hogares por año según características de formalidad * Emprendimientos de los hogares por año según disponibilidad de local para realizar tareas",NACIONAL,SI,XLS,http://www.inec.go.cr/encuestas/encuesta-nacional-de-hogares-productores,17/07/2016,ANUAL,2015,,,http://www.inec.go.cr/encuestas/encuesta-nacional-de-hogares-productores,
ENCUESTA NACIONAL DE HOGARES PRODUCTORES (ENHOPRO),COSTA RICA,1 FIN DE LA POBREZA,,SECTOR PÚBLICO,"INSTITUTO NACIONAL DE ESTADÍSTICAS Y CENSOS ""INEC""",ENCUESTA POR MUESTREO,"Identificar y recolectar información sobre las personas que poseen algún tipo de micro o pequeño negocio donde se desarrolla alguna actividad económica por su cuenta, para evidenciar su aporte a la producción nacional.",,,,Nivel de educación * Edad y sexo emprendedores * Actividad económica * Créditos aprobados * Apoyo de instituciones * Tamaño del negocio * Permanencia en el mercado,"Emprendedores de los hogares con créditos aprobados por año según destino * Emprendedores de los hogares por año según sexo, grupo de edad, nivel de educación y otros * Emprendedores de los hogares por año y sexo según grupo de edad, nivel de educación, jefatura del hogar y otros * Emprendimientos de los hogares por año según características de formalidad * Emprendimientos de los hogares por año según disponibilidad de local para realizar tareas",NACIONAL,SI,XLS,http://www.inec.go.cr/encuestas/encuesta-nacional-de-hogares-productores,17/07/2016,ANUAL,2015,,,http://www.inec.go.cr/encuestas/encuesta-nacional-de-hogares-productores,
ENCUESTA NACIONAL DE HOGARES PRODUCTORES (ENHOPRO),COSTA RICA,12 PRODUCCIÓN Y CONSUMO RESPONSABLES,,SECTOR PÚBLICO,"INSTITUTO NACIONAL DE ESTADÍSTICAS Y CENSOS ""INEC""",ENCUESTA POR MUESTREO,"Identificar y recolectar información sobre las personas que poseen algún tipo de micro o pequeño negocio donde se desarrolla alguna actividad económica por su cuenta, para evidenciar su aporte a la producción nacional.",,,,Nivel de educación * Edad y sexo emprendedores * Actividad económica * Créditos aprobados * Apoyo de instituciones * Tamaño del negocio * Permanencia en el mercado,"Emprendedores de los hogares con créditos aprobados por año según destino * Emprendedores de los hogares por año según sexo, grupo de edad, nivel de educación y otros * Emprendedores de los hogares por año y sexo según grupo de edad, nivel de educación, jefatura del hogar y otros * Emprendimientos de los hogares por año según características de formalidad * Emprendimientos de los hogares por año según disponibilidad de local para realizar tareas",NACIONAL,SI,XLS,http://www.inec.go.cr/encuestas/encuesta-nacional-de-hogares-productores,17/07/2016,ANUAL,2015,,,http://www.inec.go.cr/encuestas/encuesta-nacional-de-hogares-productores,
ENCUESTA NACIONAL DE INGRESOS Y GASTOS DE LOS HOGARES (ENIGH),COSTA RICA,10 REDUCCIÓN DE LAS DESIGUALDADES,,SECTOR PÚBLICO,"INSTITUTO NACIONAL DE ESTADÍSTICAS Y CENSOS ""INEC""",ENCUESTA POR MUESTREO,"Conocer las diversas fuentes de ingresos que tienen los hogares y cómo distribuyen sus ingresos en la adquisición de los diferentes bienes y servicios. estimar la secuencia de cuentas del Sector Hogares, dentro del sistema de Cuentas Nacionales del país, en el marco del proyecto de Cambio de Año Base. Actualizar la canasta de bienes y servicios que componen el Índice de Precios al Consumidor (IPC); entre otros estudios sobre la estructura de gastos de los hogares y la distribución del ingreso.",,,,Sexo * Ingresos hogares * Distribución del Ingreso * Gastos * Distribución de los gastos * Tenencia servicios básicos * Tenencia vehículo * Tenencia artefactos tecnología,"Hogares, personas, promedio de gasto e ingreso corriente bruto mensual por hogar según decil de ingreso * Coeficientes de Gini de la distribución del gasto corriente por zona * Coeficientes de Gini de la distribución del ingreso corriente bruto y neto por zona * Distribución porcentual del gasto corriente mensual del hogar por región de planificación según grupo de gasto * Gasto corriente mensual, promedio por hogar y distribución porcentual por zona según grupo de gasto",NACIONAL,SI,XLS,http://www.inec.go.cr/encuestas/encuesta-nacional-de-ingresos-y-gastos-de-los-hogares,21/07/2016,ANUAL,2013,,,http://www.inec.go.cr/encuestas/encuesta-nacional-de-ingresos-y-gastos-de-los-hogares,
ENCUESTA NACIONAL DE INGRESOS Y GASTOS DE LOS HOGARES (ENIGH),COSTA RICA,1 FIN DE LA POBREZA,,SECTOR PÚBLICO,"INSTITUTO NACIONAL DE ESTADÍSTICAS Y CENSOS ""INEC""",ENCUESTA POR MUESTREO,"Conocer las diversas fuentes de ingresos que tienen los hogares y cómo distribuyen sus ingresos en la adquisición de los diferentes bienes y servicios. estimar la secuencia de cuentas del Sector Hogares, dentro del sistema de Cuentas Nacionales del país, en el marco del proyecto de Cambio de Año Base. Actualizar la canasta de bienes y servicios que componen el Índice de Precios al Consumidor (IPC); entre otros estudios sobre la estructura de gastos de los hogares y la distribución del ingreso.",,,,Ingresos hogares * Distribución del Ingreso * Gastos * Distribución de los gastos * Tenencia servicios básicos * Tenencia vehículo * Tenencia artefactos tecnología * Sexo,"Hogares, personas, promedio de gasto e ingreso corriente bruto mensual por hogar según decil de ingreso * Coeficientes de Gini de la distribución del gasto corriente por zona * Coeficientes de Gini de la distribución del ingreso corriente bruto y neto por zona * Distribución porcentual del gasto corriente mensual del hogar por región de planificación según grupo de gasto * Gasto corriente mensual, promedio por hogar y distribución porcentual por zona según grupo de gasto.",NACIONAL,SI,XLS,http://www.inec.go.cr/encuestas/encuesta-nacional-de-ingresos-y-gastos-de-los-hogares,21/07/2016,ANUAL,2013,,,http://www.inec.go.cr/encuestas/encuesta-nacional-de-ingresos-y-gastos-de-los-hogares,
ENCUESTA NACIONAL DE INGRESOS Y GASTOS DE LOS HOGARES (ENIGH),COSTA RICA,12 PRODUCCIÓN Y CONSUMO RESPONSABLES,,SECTOR PÚBLICO,"INSTITUTO NACIONAL DE ESTADÍSTICAS Y CENSOS ""INEC""",ENCUESTA POR MUESTREO,"Conocer las diversas fuentes de ingresos que tienen los hogares y cómo distribuyen sus ingresos en la adquisición de los diferentes bienes y servicios. estimar la secuencia de cuentas del Sector Hogares, dentro del sistema de Cuentas Nacionales del país, en el marco del proyecto de Cambio de Año Base. Actualizar la canasta de bienes y servicios que componen el Índice de Precios al Consumidor (IPC); entre otros estudios sobre la estructura de gastos de los hogares y la distribución del ingreso.",,,,Ingresos hogares * Distribución del Ingreso * Gastos * Distribución de los gastos * Tenencia servicios básicos * Tenencia vehículo * Tenencia artefactos tecnología * Sexo,"Hogares, personas, promedio de gasto e ingreso corriente bruto mensual por hogar según decil de ingreso * Coeficientes de Gini de la distribución del gasto corriente por zona * Coeficientes de Gini de la distribución del ingreso corriente bruto y neto por zona * Distribución porcentual del gasto corriente mensual del hogar por región de planificación según grupo de gasto * Gasto corriente mensual, promedio por hogar y distribución porcentual por zona según grupo de gasto.",NACIONAL,SI,XLS,http://www.inec.go.cr/encuestas/encuesta-nacional-de-ingresos-y-gastos-de-los-hogares,21/07/2016,ANUAL,2013,,,http://www.inec.go.cr/encuestas/encuesta-nacional-de-ingresos-y-gastos-de-los-hogares,
CENSO NACIONAL AGROPECUARIO (CENAGRO),COSTA RICA,15 VIDA DE ECOSISTEMAS TERRESTRES,,SECTOR PÚBLICO,"INSTITUTO NACIONAL DE ESTADÍSTICAS Y CENSOS ""INEC""",CENSO,"Caracterizar las fincas y las personas productoras, de los cultivos agrícolas, forestales y ornamentales, así como de actividades pecuarias, prácticas y servicios agropecuarios.",,,,Producción de residuos * Tratamiento de residuos *Provincia * Tamaño del hato * Tipo de cultivo * Cantidad de plantas * Tipo de animal * Tamaño del terreno o finca * Actividad pecuaria * Sistema de poda * Enfermedades cultivos * Plagas * Tipo de abonos * Características socio demográficas,"Fincas ganado porcino por sistema de alimentación, producción y tratamiento de residuos, según provincia y tamaño del hato * Total de espacios con producción agropecuaria que no son fincas por tipo de cultivo y cantidad de plantas, según provincia y cantón * Total de espacios con producción agropecuaria que no son fincas por tipo de animal, según provincia y cantón * Total de espacios con producción que no son fincas por sexo de la persona encargada, según provincia y cantón * Total de fincas agrícolas por extensión del espejo de agua en metros cuadrados, especie y sistema de producción, según provincia y tamaño de la finca en hectáreas.",NACIONAL,SI,XLS,http://www.inec.go.cr/agropecuario,22/07/2016,NO ESTABLECIDO,2014,,,http://www.inec.go.cr/agropecuario,
CENSO NACIONAL AGROPECUARIO (CENAGRO),COSTA RICA,2 HAMBRE CERO,,SECTOR PÚBLICO,"INSTITUTO NACIONAL DE ESTADÍSTICAS Y CENSOS ""INEC""",CENSO,"Caracterizar las fincas y las personas productoras, de los cultivos agrícolas, forestales y ornamentales, así como de actividades pecuarias, prácticas y servicios agropecuarios.",,,,Producción de residuos * Tratamiento de residuos * Provincia * Tamaño del hato * Tipo de cultivo * Cantidad de plantas * Tipo de animal * Tamaño del terreno o finca * Actividad pecuaria * Sistema de poda * Enfermedades cultivos * Plagas * Tipo de abonos * Características socio demográficas * Cultivos de café,"Fincas ganado porcino por sistema de alimentación, producción y tratamiento de residuos, según provincia y tamaño del hato * Total de espacios con producción agropecuaria que no son fincas por tipo de cultivo y cantidad de plantas, según provincia y cantón * Total de espacios con producción agropecuaria que no son fincas por tipo de animal, según provincia y cantón * Total de espacios con producción que no son fincas por sexo de la persona encargada, según provincia y cantón * Total de fincas agrícolas por extensión del espejo de agua en metros cuadrados, especie y sistema de producción, según provincia y tamaño de la finca en hectáreas.",NACIONAL,SI,XLS,http://www.inec.go.cr/agropecuario,22/07/2016,NO ESTABLECIDO,2014,,,http://www.inec.go.cr/agropecuario,
ENCUESTA NACIONAL DE HOGARES (ENAHO),COSTA RICA,10 REDUCCIÓN DE LAS DESIGUALDADES,,SECTOR PÚBLICO,"INSTITUTO NACIONAL DE ESTADÍSTICAS Y CENSOS ""INEC""",ENCUESTA POR MUESTREO,Caracterizar la situación socioeconómica de las personas y sus hogares en temas como el acceso a las tecnologías a través del internet y de la telefonía fija y celular,,,,Viviendas con telefonía celular * Viviendas con acceso a internet * Viviendas con telefonía residencial * Número de líneas telefónicas,Cantidad y porcentaje de viviendas con telefonía residencial y telefonía celular por región de planificación según cantidad de líneas * Cantidad y porcentaje de viviendas con telefonía residencial y telefonía celular por zona según cantidad de líneas * Cantidad y porcentaje de viviendas que poseen diferentes TIC por quintil del ingreso per cápita del hogar según región de planificación y tenencia de TIC * Cantidad y porcentaje de viviendas que poseen diferentes TIC por quintil del ingreso per cápita del hogar según zona y tenencia de TIC * Cantidad y porcentaje de viviendas que poseen diferentes TIC por región de planificación según tenencia de TIC,NACIONAL,SI,XLS,http://www.inec.go.cr/otros-temas-ciencia-y-tecnologia/tecnologias-de-informacion-y-comunicacion-en-hogares,22/07/2016,ANUAL,2015,,,http://www.inec.go.cr/otros-temas-ciencia-y-tecnologia/tecnologias-de-informacion-y-comunicacion-en-hogares,
ENCUESTA NACIONAL DE HOGARES (ENAHO),COSTA RICA,"9 INDUSTRIA, INNOVACIÓN E INFRAESTRUCTURA",,SECTOR PÚBLICO,"INSTITUTO NACIONAL DE ESTADÍSTICAS Y CENSOS ""INEC""",ENCUESTA POR MUESTREO,Suministrar información sobre la tenencia y uso de las tecnologías de Información y de Comunicación de los hogares,,,,Acceso a internet * región * Servicios de telefonía residencial * Servicio y celular * Uso de computadoras,"Cantidad y porcentaje de viviendas que poseen diferentes TIC por zona, según quintil del ingreso per cápita del hogar * Cantidad y porcentaje de viviendas que poseen diferentes TIC por zona, según región y tenencia de TIC * Cantidad y porcentaje de viviendas que poseen diferentes TIC, por región, según región y tenencia de TIC",NACIONAL,SI,XLS,http://www.inec.go.cr/ciencias-y-tecnologias/otros-temas-ciencia-y-tecnologia,23/07/2016,ANUAL,2012,,,http://www.inec.go.cr/ciencias-y-tecnologias/otros-temas-ciencia-y-tecnologia,
CENSO 2011,COSTA RICA,1 FIN DE LA POBREZA,,SECTOR PÚBLICO,"INSTITUTO NACIONAL DE ESTADÍSTICAS Y CENSOS ""INEC""",CENSO,"Clasificar porcentualmente los hogares pobres, por línea de pobreza",,,,Línea de pobreza * Cantón,"Total de hogares pobres por línea de pobreza, según Cantón",NACIONAL,SI,XLS,http://www.inec.go.cr/economia,23/07/2016,NO ESTABLECIDO,2011,,,http://www.inec.go.cr/economia,
COMERCIO EXTERIOR-BALANZA COMERCIAL,COSTA RICA,"9 INDUSTRIA, INNOVACIÓN E INFRAESTRUCTURA",,SECTOR PÚBLICO,"INSTITUTO NACIONAL DE ESTADÍSTICAS Y CENSOS ""INEC""",REGISTRO ADMINISTRATIVO,Evaluar el dinamismo de Importaciones y Exportaciones.Promover el Comercio Exterior,,,,Zona económica * Productos Exportados * Productos Importados *País de intercambio * Cantidad de Exportaciones * Cantidad de Importaciones * Servicios Exportados,Balanza Comercial de Comercio Exterior,NACIONAL,SI,XLS,http://www.inec.go.cr/economia/comercio-exterior-0,23/07/2016,ANUAL,2014,,,http://www.inec.go.cr/economia/comercio-exterior-0,
CANASTA BÁSICA ALIMENTARIA (CBA),COSTA RICA,2 HAMBRE CERO,,SECTOR PÚBLICO,"INSTITUTO NACIONAL DE ESTADÍSTICAS Y CENSOS ""INEC""",REGISTRO ADMINISTRATIVO,"La medición del fenómeno de la pobreza mediante el Método de Línea de Pobreza o Método del Ingreso, para satisfacer las necesidades mínimas de calorías de un hogar promedio",,,,Precios artículos IPC por zona * Precios artículos IPC por mes,"Costo per cápita mensual por zona, según subgrupo en colones corrientes * Costo per cápita mensual por zona, según subgrupo en colones corrientes * Costo per cápita mensual por zona, según subgrupo en colones corrientes * Costo per cápita mensual por zona, según subgrupo en colones corrientes * Costo per cápita mensual por zona, según subgrupo en colones corrientes",NACIONAL,SI,XLS,http://www.inec.go.cr/economia/costo-canasta-basica-alimentaria,24/07/2016,ANUAL,jun.-16,,,http://www.inec.go.cr/economia/costo-canasta-basica-alimentaria,
DIRECTORIO DE EMPRESAS Y ESTABLECIMIENTOS (DEE),COSTA RICA,12 PRODUCCIÓN Y CONSUMO RESPONSABLES,,SECTOR PÚBLICO,"INSTITUTO NACIONAL DE ESTADÍSTICAS Y CENSOS ""INEC""",REGISTRO ADMINISTRATIVO,Elaborar estadísticas económicas y conocer los movimientos y estructura de los diferentes sectores económicos. Sirve como marco muestral para realización de censos y encuestas. Permitir una mayor planificación y ejecución de estas operaciones,,,,"Total empresas * Ubicación (Provincia, cantón o Distrito) * Actividad Actividad económica * Tamaño","Total de empresas según intervalo de trabajadores * Total de empresas según intervalo de trabajadores por categoría de empresa * Total de empresas según Provincia, Cantón y Distrito * Total de empresas según Provincia, Cánton y Distrito por Intervalo de Trabajadores * Total de empresas según sectores de actividad económica a un dígito",NACIONAL* PROVINCIA * CANTÓN * DISTRITO,SI,XLS,http://www.inec.go.cr/economia/directorio-de-empresas-y-establecimientos-0,24/07/2016,ANUAL,2015,,,http://www.inec.go.cr/economia/directorio-de-empresas-y-establecimientos-0,
DIRECTORIO DE EMPRESAS Y ESTABLECIMIENTOS (DEE),COSTA RICA,"9 INDUSTRIA, INNOVACIÓN E INFRAESTRUCTURA",,SECTOR PÚBLICO,"INSTITUTO NACIONAL DE ESTADÍSTICAS Y CENSOS ""INEC""",REGISTRO ADMINISTRATIVO,Elaborar estadísticas económicas y conocer los movimientos y estructura de los diferentes sectores económicos. Sirve como marco muestral para realización de censos y encuestas. Permitir una mayor planificación y ejecución de estas operaciones,,,,"Total empresas * Ubicación (Provincia, cantón o Distrito) * Actividad Actividad económica * Tamaño","Total de empresas según intervalo de trabajadores * Total de empresas según intervalo de trabajadores por categoría de empresa * Total de empresas según Provincia, Cantón y Distrito * Total de empresas según Provincia, Cánton y Distrito por Intervalo de Trabajadores * Total de empresas según sectores de actividad económica a un dígito",NACIONAL* PROVINCIA * CANTÓN * DISTRITO,SI,XLS,http://www.inec.go.cr/economia/directorio-de-empresas-y-establecimientos-0,24/07/2016,ANUAL,2015,,,http://www.inec.go.cr/economia/directorio-de-empresas-y-establecimientos-0,
ENCUESTA ACERCA DE LA IMPORTANCIA DE LA DIVERSIDAD DE GÉNERO E INNOVACIÓN EN EL AREA DE STEM,COSTA RICA,5 IGUALDAD DE GÉNERO,,SECTOR PÚBLICO,ACADEMIA NACIONAL DE CIENCIAS,ENCUESTA POR MUESTREO,"Medir la diversidad de género y su caracterización en la ocupación de puestos en las áreas de Ciencias, Tecnología, Ingeniería y Matemáticas, y las nuevas caras de la Innovación para contribuír al proceso global de la ciencia.",,,,Genero * Innovación *Area ocupacional,,NACIONAL,NO,NA,ACADEMIA NACIONAL DE CIENCIAS,25/07/2016,NO ESTABLECIDO,SIN RESULTADOS PUBLICADOS,,,http://anc.cr/noticias/noticia.html?tx_ttnews%5Btt_news%5D=607&cHash=af2f564f57355e3224ce7e73e36e3b1b,
ENCUESTA INTEGRACIÓN LOCAL DE LA POBLACIÓN REFUGIADA COLOMBIANA EN COSTA RICA,COSTA RICA,3 SALUD Y BIENESTAR,,ACADEMIA,UNIVERSIDAD DE COSTA RICA. FACULTAD DE CIENCIAS JURÍDICAS Y SOCIALES,ENCUESTA POR MUESTREO,"Identificar el flujo de refugiados y la integración local de los Colombianos en Costa Rica, Su caracterización sociodemográfica y su situación actual migratoria",,,,Edad * Sexo * Seguro social * Tiempo vivir en Costa Rica * Tipo Vivienda * Provincia * Educación * Atención médica privada * Atención médica pública * Situación migratoria * Pago alquiler vivienda,"Situación migratoria actual * Distribución de los jefes de hogar por grupo de edad y sexo * Distribución de los jefes de hogar según status actual y seguro social * Según años de vivir en Costa Rica * Distribución de los hogares según tamaño y sexo del Jefe(a) * Distribución de las viviendas, según tenencia * Distribución de refugiados según provincia * Asistencia centros educativos",NACIONAL,NO,NA,ACNUR,27/07/2016,NO ESTABLECIDO,2003,,,http://webcache.googleusercontent.com/search?q=cache:0NTn7SZ-obIJ:www.acnur.org/t3/recursos/bdl/bdl/%3FeID%3Ddam_frontend_push%26docID%3D12571+&cd=9&hl=es&ct=clnk&gl=co,
ENCUESTA INTEGRACIÓN LOCAL DE LA POBLACIÓN REFUGIADA COLOMBIANA EN COSTA RICA,COSTA RICA,11 CIUDADES Y COMUNIDADES SOSTENIBLES,,ACADEMIA,UNIVERSIDAD DE COSTA RICA. FACULTAD DE CIENCIAS JURÍDICAS Y SOCIALES,ENCUESTA POR MUESTREO,"Identificar el flujo de refugiados y la integración local de los Colombianos en Costa Rica, Su caracterización sociodemográfica y su situación actual migratoria",,,,Edad * Sexo * Seguro social * Tiempo vivir en Costa Rica * Tipo Vivienda * Provincia * Educación * Atención médica privada * Atención médica pública * Situación migratoria * Pago alquiler vivienda,"Situación migratoria actual * Distribución de los jefes de hogar por grupo de edad y sexo * Distribución de los jefes de hogar según status actual y seguro social * Según años de vivir en Costa Rica * Distribución de los hogares según tamaño y sexo del Jefe(a) * Distribución de las viviendas, según tenencia * Distribución de refugiados según provincia * Asistencia centros educativos",NACIONAL,NO,NA,ACNUR,27/07/2016,NO ESTABLECIDO,2003,,,http://webcache.googleusercontent.com/search?q=cache:0NTn7SZ-obIJ:www.acnur.org/t3/recursos/bdl/bdl/%3FeID%3Ddam_frontend_push%26docID%3D12571+&cd=9&hl=es&ct=clnk&gl=co,
"ESTADISTICA DE MERCADO DEL SERVICIO DE ACUEDUCTO:ABONADOS, CONSUMO, INGRESOS 2004-2013",COSTA RICA,6 AGUA LIMPIA Y SANEAMIENTO,,SECTOR PÚBLICO,AUTORIDAD REGULADORA DE LOS SERVICIOS PÚBLICOS (ARESEP),REGISTRO ADMINISTRATIVO,"Mostrar la evolución mensual que han tenido variables o indicadores como lo son los abonados (servicios), el consumo total y por abonado, los ingresos, etc para medir las variaciones tarifarias y controlar la calidad de la información",,,,Mes * Categoría Tarifaria * Región * año * Abonado * Consumo en m3,Servicio mensual y anual de acueducto(abonados) * Servicios de acueducto por Región del AYA * Metros cúbicos de acueducto * Consumo mensual por abonado * Ingresos facturados en Colones,NACIONAL,SI,XLS,http://aresep.go.cr/estadisticas-de-servicios/374-aya-principales-variables-e-indicadores-de-mercado-abonados-consumo-ingresos-2004-2013,27/07/2016,ANUAL,27-feb.-14,,,http://aresep.go.cr/component/acesearch/search?query=ESTADISTICAS%20ACUEDUCTO,
DATOS ENERGÉTICOS MÁS RELEVANTES 2014 A MAYO 2016,COSTA RICA,"9 INDUSTRIA, INNOVACIÓN E INFRAESTRUCTURA",,SECTOR PÚBLICO,AUTORIDAD REGULADORA DE LOS SERVICIOS PÚBLICOS (ARESEP),REGISTRO ADMINISTRATIVO,"Mantener actualizada la información mensual y hacer su comparativo con el homólogo del año anterior de los datos, de generación energética, más relevantes de Costa Rica a mayo 2016 para detectar de manera oportuna, el quehacer del CENCE como operador del Sistema y operador del Mercado (OS/M).",,,,Demanda mes * Energía Térmica * Energía Renovable * Tipo Energia renovable* Energía importada *Año * Cantidad combustible usado * Exportaciones de energía,Demanda energética mensual 2014-2016 * Porcentaje demanda energética atendida con energía renovable 2014-2016 * Composición energía renovable 2016 * Composición de la generación de energía renovable nacional 2016 * Energía térmica generada 2014-2016 * Gasto en combustibles 2014-2016 * Energía importada por mes * Energía exportada por mes 2014-2016,NACIONAL,NO,NA,AUTORIDAD REGULADORA DE LOS SERVICIOS PÚBLICOS (ARESEP),27/07/2016,MENSUAL,may.-16,,,http://aresep.go.cr/images/Datos_Matriz_generacion_CR.pdf,
DATOS ENERGÉTICOS MÁS RELEVANTES 2014 A MAYO 2016,COSTA RICA,7 ENERGÍA ASEQUIBLE Y NO CONTAMINANTE,,SECTOR PRIVADO,AUTORIDAD REGULADORA DE LOS SERVICIOS PÚBLICOS (ARESEP),REGISTRO ADMINISTRATIVO,"Mantener actualizada la información mensual y hacer su comparativo con el homólogo del año anterior de los datos, de generación energética, más relevantes de Costa Rica a mayo 2016 para detectar de manera oportuna, el quehacer del CENCE como operador del Sistema y operador del Mercado (OS/M).",,,,Demanda mes * Energía Térmica * Energía Renovable * Tipo Energia renovable* Energía importada *Año * Cantidad combustible usado * Exportaciones de energía,Demanda energética mensual 2014-2016 * Porcentaje demanda energética atendida con energía renovable 2014-2016 * Composición energía renovable 2016 * Composición de la generación de energía renovable nacional 2016 * Energía térmica generada 2014-2016 * Gasto en combustibles 2014-2016 * Energía importada por mes * Energía exportada por mes 2014-2016,NACIONAL,NO,NA,AUTORIDAD REGULADORA DE LOS SERVICIOS PÚBLICOS (ARESEP),27/07/2016,MENSUAL,may.-16,,,http://aresep.go.cr/images/Datos_Matriz_generacion_CR.pdf,
ACUEDUCTOS COMUNALES (ASADAS O RURALES ) EVALUACION 2010,COSTA RICA,6 AGUA LIMPIA Y SANEAMIENTO,,SECTOR PÚBLICO,AUTORIDAD REGULADORA DE LOS SERVICIOS PÚBLICOS (ARESEP),REGISTRO ADMINISTRATIVO,Medir el riesgo Sanitario en Acueducto y su impacto en la salud de la población,,,,Estado tanques de almacenamiento * Sistemas de cloración * Calidad agua * Convenio Aya * Cédula Jurídica * Residentes abastecidos * N° conexiones * N° abonados * Servicio crítico * Moras,Calificación del riesgo (vulnerabilidad) acueductos rurales 2010 * Condiciones en qué fueron encontrados los acueductos comunales al momento de su evaluación,NACIONAL,SI,XLS,http://aresep.go.cr/agua-potable/index.php?option=com_content&view=article&id=600&catid=106&Itemid=315,27/07/2016,NO ESTABLECIDO,2010,,,http://aresep.go.cr/component/acesearch/search?query=ACUEDUCTOS%20COMUNALES,
ACUEDUCTOS COMUNALES (ASADAS O RURALES ) EVALUACION 2010,COSTA RICA,3 SALUD Y BIENESTAR,,SECTOR PÚBLICO,AUTORIDAD REGULADORA DE LOS SERVICIOS PÚBLICOS (ARESEP),REGISTRO ADMINISTRATIVO,"Detectar los problemas del área Administrativa y Sanitaria a través de la inspección en el sitio, durante el proceso de suministro de acueducto . Medir el riesgo Sanitario en Acueducto y su impacto en la salud de la población",,,,Estado tanques de almacenamiento * Sistemas de cloración * Calidad agua * Convenio Aya * Cédula Jurídica * Residentes abastecidos * N° conexiones * N° abonados * Servicio crítico * Moras,Calificación del riesgo (vulnerabilidad) acueductos rurales 2010 * Condiciones en qué fueron encontrados los acueductos comunales al momento de su evaluación,NACIONAL,SI,XLS,http://aresep.go.cr/agua-potable/index.php?option=com_content&view=article&id=600&catid=106&Itemid=315,27/07/2016,NO ESTABLECIDO,2010,,,http://aresep.go.cr/component/acesearch/search?query=ACUEDUCTOS%20COMUNALES,
ACUEDUCTOS COMUNALES (ASADAS O RURALES ) EVALUACION 2010,COSTA RICA,11 CIUDADES Y COMUNIDADES SOSTENIBLES,,SECTOR PÚBLICO,AUTORIDAD REGULADORA DE LOS SERVICIOS PÚBLICOS (ARESEP),REGISTRO ADMINISTRATIVO,"Detectar los problemas del área Administrativa y Sanitaria a través de la inspección en el sitio, durante el proceso de suministro de acueducto . Medir el riesgo Sanitario en Acueducto y su impacto en la salud de la población",,,,Estado tanques de almacenamiento * Sistemas de cloración * Calidad agua * Convenio Aya * Cédula Jurídica * Residentes abastecidos * N° conexiones * N° abonados * Servicio crítico * Moras,Calificación del riesgo (vulnerabilidad) acueductos rurales 2010 * Condiciones en qué fueron encontrados los acueductos comunales al momento de su evaluación,NACIONAL,SI,XLS,http://aresep.go.cr/agua-potable/index.php?option=com_content&view=article&id=600&catid=106&Itemid=315,27/07/2016,NO ESTABLECIDO,2010,,,http://aresep.go.cr/component/acesearch/search?query=ACUEDUCTOS%20COMUNALES,
"ESPH: ABONADOS Y CONSUMO ACUEDUCTO Y ALCANTARILLADO, PERÍODO 2005 - ABRIL 2011",COSTA RICA,11 CIUDADES Y COMUNIDADES SOSTENIBLES,,SECTOR PÚBLICO,AUTORIDAD REGULADORA DE LOS SERVICIOS PÚBLICOS (ARESEP),REGISTRO ADMINISTRATIVO,"Presentar mensualmente, los abonados y el consumos de acueducto y alcantarillado de la ESPH, clasificado por categoría tarifaria, en básico y excedente, para el período 2005 - abril 2011.",,,,Tipo de abonado * Consumo domiciliario * Consumo Empresarial * Consumo Preferencial * Consumo Gobierno,* Consumo acueducto mensual por tipo de abonado y por tipo de consumidor,NACIONAL,SI,XLS,http://aresep.go.cr/estadisticas-de-servicios/754-esph-abonados-y-consumo-acueducto-y-alcantarillado-periodo-2005-abril-2011,27/07/2016,ANUAL,abr.-11,,,http://aresep.go.cr/component/acesearch/search?query=ESPH%20ABONADOS,
"ÁREAS DE RIEGO, PISCICULTURA Y BOMBEO SERVIDO POR EL SENARA EN EL 2003, 2004 Y 2005.",COSTA RICA,12 PRODUCCIÓN Y CONSUMO RESPONSABLES,,SECTOR PRIVADO,AUTORIDAD REGULADORA DE LOS SERVICIOS PÚBLICOS (ARESEP),REGISTRO ADMINISTRATIVO,"Presentar héctareas regadas y el número de usarios 2003,2004, 2005",,,,Subdistrito * tipo de Riego * Tipo de bombeo * Area Psicultura,"Cuadro Áreas de riego, psicultura y bombeo servido por el SENARA en el 2003, 2004 y 2005.",PROVINCIA,SI,XLS,http://aresep.go.cr/estadisticas-de-servicios/702-areas-de-riego-piscicultura-y-bombeo-servido-por-el-senara-en-el-2003-2004-y-2005,27/07/2016,ANUAL,dic.-05,,,http://aresep.go.cr/component/acesearch/search?query=aresep%20area%20de%20riego,
ENCUESTA MENSUAL DE EXPECTATIVAS DE INFLACIÓN Y DE VARIACIÓN DEL TIPO DE CAMBIO,COSTA RICA,8 TRABAJO DECENTE Y CRECIMIENTO ECONÓMICO,,SECTOR PÚBLICO,BANCO CENTRAL DE COSTA RICA (BCCR),ENCUESTA POR MUESTREO,Mostrar expectativas de inflación para el período y las expectativas de variación del tipo de cambio para el período en análisis,,,,IPC * Agentes Económicos * Mes,Expectativas de inflación y de variación del tipo de cambio 2007-2012 *Perspectivas económicas * Desempeño y perspectiva empresarial,NACIONAL,SI,HTML,http://www.bccr.fi.cr/indicadores_economicos_/Encuestas_economicas.html,27/07/2016,MENSUAL,may.-12,,,http://www.bccr.fi.cr/indicadores_economicos_/,PARA EXTRACCIÓN
ENCUESTA MENSUAL DE EXPECTATIVAS DE INFLACIÓN Y DE VARIACIÓN DEL TIPO DE CAMBIO,COSTA RICA,"9 INDUSTRIA, INNOVACIÓN E INFRAESTRUCTURA",,SECTOR PÚBLICO,BANCO CENTRAL DE COSTA RICA (BCCR),ENCUESTA POR MUESTREO,Mostrar expectativas de inflación para el período y las expectativas de variación del tipo de cambio para el período en análisis,,,,IPC * Agentes Económicos * Mes * Factores de inflación * Tipo de Industria (empresario),Expectativas de inflación y de variación del tipo de cambio 2007-2012 *Perspectivas económicas * Desempeño y perspectiva empresarial * Variación promedio de inflación * Factores expectativa de inflación,NACIONAL,SI,HTML,http://www.bccr.fi.cr/indicadores_economicos_/Encuestas_economicas.html,27/07/2016,MENSUAL,may.-12,,,http://www.bccr.fi.cr/indicadores_economicos_/,PARA EXTRACCIÓN
ESTADÍSTICAS HISTÓRICO DEL BONO DE VIVIENDA DESDE 1987 A 2016,COSTA RICA,1 FIN DE LA POBREZA,,SECTOR PÚBLICO,BANCO HIPOTECARIO DE LA VIVIENDA (BANHVI),REGISTRO ADMINISTRATIVO,"Presentar información de clientes beneficiarios del bono familiar de vivienda asignado a través de la entidad, como ente rector del Sistema Financiero Nacional para la Vivienda (SFNV) dedicado exclusivamente al financiamiento de vivienda para los sectores de menores ingresos del país y de la clase media.",,,,Número de casas con bono familiar de vivienda asignado * Valor Bono asignado * Sexo * Zona geográfica * Estrato * Propósito * Provincia * Región,Número de bonos de vivienda asignado por genero a junio 2016 * Número de bonos de vivienda asignados por zona geográfica * N° de bonos de vivienda asignados por zona * N° de bonos de vivienda asignados por estrato * N° de bonos por propósito * N° de bonos por género * N° bonos por provincia,NACIONAL * PROVINCIA * REGIONAL,SI,PDF,http://www.banhvi.fi.cr/publicaciones/estadisticas/Cuadrodetalle2015.pdf,27/07/2016,ANUAL,jul.-16,,,http://www.banhvi.fi.cr/publicaciones/estadisticas.aspx,PARA EXTRACCIÓN
INDICADORES DE SEGURIDAD SOCIAL 2006-2013,COSTA RICA,3 SALUD Y BIENESTAR,,SECTOR PÚBLICO,CAJA COSTARRICENSE DE SEGURO SOCIAL (CCSS),REGISTRO ADMINISTRATIVO,Mostrar información de indicadores con datos demográficos y datos de cobertura seguridad social 2006-2013,,,,Población activa * Año * Pensionados vejez * Tipo de consulta médica * Especialidad medicina * Exámenes de laboratorio * Mortalidad hospitalaria * Incapacidad laboral,Utilización servicios de salud general * utilización servicio de cirugía * Servicios de apoyo seguro de salud * Calidad servicios de salud * Incapacidades laborales temporales * Gastos en prestaciones seguros de pensiones * Ingresos seguros de pensiones,NACIONAL,SI,DOC,http://www.ccss.sa.cr/est_indicadores,27/07/2016,ANUAL,sep-14,,,http://www.ccss.sa.cr/est_actuarial,PARA EXTRACCIÓN
PROYECTOS NACIONALES DE COOPERACIÓN TÉCNICA EJECUTADOS EN EL 2003 y 2004,COSTA RICA,7 ENERGÍA ASEQUIBLE Y NO CONTAMINANTE,,SECTOR PÚBLICO,ENERGÍA ATÓMICA PARA LA PAZ Y EL PROGRESO (CEA),REGISTRO ADMINISTRATIVO,Apoyar las acciones que fortalezcan el Programa Nacional de Cooperación Técnica y mostrar el monto en dólares para la contratación de contraparte nacional o a ser distribuído en las Instituciones Nacionales,,,,Año * Nombre proyecto * Institución * Monto,Impacto de la CEA en el desarrollo de Costa Rica * Areas de Cooperación Técnica * Programa nacional de cooperación técnica,NACIONAL,NO,NA,ENERGÍA ATÓMICA PARA LA PAZ Y EL PROGRESO (CEA),28/07/2016,ANUAL,2004,,,http://www.cea.go.cr/publicaciones/informe_anual_2004.pdf,
"INSTITUCIONES BENEFICIADAS CON LA COOPERACIÓN TÉCNICA, POR SECTORES 1992-2004",COSTA RICA,7 ENERGÍA ASEQUIBLE Y NO CONTAMINANTE,,SECTOR PÚBLICO,ENERGÍA ATÓMICA PARA LA PAZ Y EL PROGRESO (CEA),REGISTRO ADMINISTRATIVO,Apoyar las acciones que fortalezcan el Programa Nacional de Cooperación Técnica,,,,Sector * Institución beneficiada * Unidad * Aportes,"Impacto de la CEA en el desarrollo de Costa Rica * Incremento del valor agregado en la economía, ambiente y desarrollo social * Areas de Cooperación Técnica * Programa nacional de cooperación técnica",NACIONAL,NO,NA,ENERGÍA ATÓMICA PARA LA PAZ Y EL PROGRESO (CEA),28/07/2016,ANUAL,2004,,,http://www.cea.go.cr/publicaciones/informe_anual_2004.pdf,
"INSTITUCIONES BENEFICIADAS CON LA COOPERACIÓN TÉCNICA, POR SECTORES 1992-2004",COSTA RICA,17 ALIANZAS PARA LOGRAR LOS OBJETIVOS,,SECTOR PÚBLICO,ENERGÍA ATÓMICA PARA LA PAZ Y EL PROGRESO (CEA),REGISTRO ADMINISTRATIVO,Apoyar las acciones que fortalezcan el Programa Nacional de Cooperación Técnica,,,,Sector * Institución beneficiada * Unidad * Aportes,"Impacto de la CEA en el desarrollo de Costa Rica * Incremento del valor agregado en la economía, ambiente y desarrollo social * Areas de Cooperación Técnica * Programa nacional de cooperación técnica",NACIONAL,NO,NA,ENERGÍA ATÓMICA PARA LA PAZ Y EL PROGRESO (CEA),28/07/2016,ANUAL,2004,,,http://www.cea.go.cr/publicaciones/informe_anual_2004.pdf,
PROYECTOS DE COOPERACIÓN TÉCNICA: NACIONALES Y PROYECTOS PRESENTADOS A ENTES DONANTES EXTRANJEROS,COSTA RICA,6 AGUA LIMPIA Y SANEAMIENTO,,SECTOR PÚBLICO,COMISIÓN DE ORDENAMIENTO Y MANEJO DE LA CUENCA ALTA DEL RÍO REVENTAZÓN (COMCURE),REGISTRO ADMINISTRATIVO,Crear alianzas estratégicas entre las ASADAS orientadas al manejo del agua y la protección de los recursos.,,,,C omunidades * Proyectos presentados a CRUSA * Presentados a Japón * Presupuesto,Proyectos presentados a entes donantes y montos presupuestados por ASADA,NACIONAL,NO,NA,COMCURE,28/07/2016,ANUAL,2012,,,http://comcure.go.cr/images/Proyectos/Proyectos_concluidos/Informe_Final_CATIE_-_COMCURE_2012.pdf,
PROYECTOS DE COOPERACIÓN TÉCNICA: NACIONALES Y PROYECTOS PRESENTADOS A ENTES DONANTES EXTRANJEROS,COSTA RICA,17 ALIANZAS PARA LOGRAR LOS OBJETIVOS,,SECTOR PÚBLICO,COMISIÓN DE ORDENAMIENTO Y MANEJO DE LA CUENCA ALTA DEL RÍO REVENTAZÓN (COMCURE),REGISTRO ADMINISTRATIVO,Crear alianzas estratégicas entre las ASADAS orientadas al manejo del agua y la protección de los recursos.,,,,Comunidades * Proyectos presentados a CRUSA * Presentados a Japoón * Presupuesto,Proyectos presentados a entes donantes y montos presupuestados por ASADA,NACIONAL,NO,NA,COMCURE,28/07/2016,ANUAL,2012,,,http://comcure.go.cr/images/Proyectos/Proyectos_concluidos/Informe_Final_CATIE_-_COMCURE_2012.pdf,
ESTUDIO SEGUIMIENTO DE LA CONDICIÓN LABORAL DE PERSONAS GRADUADAS 2008-2010 DE LAS UNIVERSIDADES COSTARRICENSES,COSTA RICA,8 TRABAJO DECENTE Y CRECIMIENTO ECONÓMICO,,SECTOR PÚBLICO,COMISIÓN NACIONAL DE PRÉSTAMOS PARA LA EDUCACIÓN (CONAPE),ENCUESTA POR MUESTREO,"Presentar el perfil sociodemográfico de las personas graduadas, características académicas y situación laboral en el 2013 de las personas graduadas 2008-2010, de las universidades costarricenses.",,,,Sexo * Rango de edad * Estado civil * Provincia * Acta de grado * Tipo de fnanciamiento * Idioma extranjero * Carrera universitaria * Otra carrera* Condición laboral * Desempleo * Empleo relacionado con la carrera * Tiempo mismo lugar de trabajo * Satisfacción con la Universidad,Perfil de las personas graduadas * Aspectos Académicos * Situación laboral en tres momentos * Análisis situación laboral en el 2013 * Gráficos * Indicadores,PROVINCIA * CÁNTON * NACIONAL,NO,NA,COMISIÓN NACIONAL DE PRÉSTAMOS PARA LA EDUCACIÓN (CONAPE),28/07/2016,NO ESTABLECIDO,mar.-15,,,https://www.conare.ac.cr/servicios/category/33-observatorio-de-profesiones,
ESTUDIO SEGUIMIENTO DE LA CONDICIÓN LABORAL DE PERSONAS GRADUADAS 2008-2010 DE LAS UNIVERSIDADES COSTARRICENSES,COSTA RICA,4 EDUCACIÓN DE CALIDAD,,SECTOR PÚBLICO,COMISIÓN NACIONAL DE PRÉSTAMOS PARA LA EDUCACIÓN (CONAPE),ENCUESTA POR MUESTREO,"Presentar el perfil sociodemográfico de las personas graduadas, características académicas y situación laboral en el 2013 de las personas graduadas 2008-2010, de las universidades costarricenses.",,,,Sexo * Rango de edad * Estado civil * Provincia *Acta de Grado * Tipo de financiamiento * Idioma extranjero *Carrera Universitaria * Otra carrera* Condición laboral * Desempleo * Empleo relacionado con la carrera * Tiempo mismo lugar de trabajo * Satisfacción con la Universidad,Perfil de las personas graduadas * Aspectos Académicos * Situación laboral en tres momentos * Análisis situación laboral en el 2013 * Gráficos * Indicadores,PROVINCIA * CÁNTON * NACIONAL,NO,NA,COMISIÓN NACIONAL DE PRÉSTAMOS PARA LA EDUCACIÓN (CONAPE),28/07/2016,NO ESTABLECIDO,mar.-15,,,https://www.conare.ac.cr/servicios/category/33-observatorio-de-profesiones,AQUÍ
ESTADÍSTICA DE LOS PROYECTOS Y SOLICITUDES DE PERMISOS 2004-2015,COSTA RICA,15 VIDA DE ECOSISTEMAS TERRESTRES,,SECTOR PÚBLICO,COMISIÓN NACIONAL PARA LA GESTIÓN DE LA BIODIVERSIDAD (CONAGEBIO),REGISTRO ADMINISTRATIVO,"Mostar información de solicitud de permisos relacionados con la biodiversidad, para su conservación y uso sostenible, de conformidad con el decreto DECRETO No. 31 514- MINAE",,,,Tipo de permiso * Área Temática * Año * Tipo de usuario * Genero usuario * Género de investigador,Número de permiso de acceso otorgados 2004-2015 * Permiso de acceso otorgados según el área temática * Tipos de personas usuarias e investigadoras de los permisos de acceso a los elementos y recursos genéticos y bioquímicos de la biodiversidad,NACIONAL,NO,NA,COMISIÓN NACIONAL PARA LA GESTIÓN DE LA BIODIVERSIDAD (CONAGEBIO),28/07/2016,ANUAL,2015,,,http://www.conagebio.go.cr/Conagebio/public/estadisticas.html,
LISTA DE LOS PERMISOS OTORGADOS EN INVESTIGACION BASICA 2004-2015,COSTA RICA,15 VIDA DE ECOSISTEMAS TERRESTRES,,SECTOR PÚBLICO,COMISIÓN NACIONAL PARA LA GESTIÓN DE LA BIODIVERSIDAD (CONAGEBIO),REGISTRO ADMINISTRATIVO,"Mostar listados con la información de los permisos otorgados y relacionados con la biodiversidad, para su conservación y uso sostenible y asegurar la adecuada transferencia científico-técnica y la distribución justa y equitativa de los beneficios derivados del acceso, de acuerdo a la norma.",,,,Año * Expediente * Proyecto * Interesado * Sitio de Acceso * Resolución * Fecha inicio * Fecha finaliza,"Permisos otorgados en investigación básica, con las variables relacionadas, para los años 2004-2015",NACIONAL,SI,PDF,http://www.conagebio.go.cr/Conagebio/public/permisosOtorgados.html,28/07/2016,ANUAL,2016,,,http://www.conagebio.go.cr/Conagebio/public/,PARA EXTRACCIÓN
LISTA DE LOS PERMISOS OTORGADOS EN INVESTIGACION BASICA 2004-2015,COSTA RICA,17 ALIANZAS PARA LOGRAR LOS OBJETIVOS,,SECTOR PÚBLICO,COMISIÓN NACIONAL PARA LA GESTIÓN DE LA BIODIVERSIDAD (CONAGEBIO),REGISTRO ADMINISTRATIVO,"Mostar listados con la información de los permisos otorgados y relacionados con la biodiversidad, para su conservación y uso sostenible y asegurar la adecuada transferencia científico-técnica y la distribución justa y equitativa de los beneficios derivados del acceso, de acuerdo a la norma.",,,,Año * Expediente * Proyecto * Interesado * Sitio de Acceso * Resolución * Fecha inicio * Fecha finaliza,"Permisos otorgados en investigación básica, con las variables relacionadas, para los años 2004-2015",NACIONAL,SI,PDF,http://www.conagebio.go.cr/Conagebio/public/permisosOtorgados.html,28/07/2016,ANUAL,2016,,,http://www.conagebio.go.cr/Conagebio/public/,PARA EXTRACCIÓN
LISTA DE LOS PERMISOS OTORGADOS EN BIOPROSPECCIÓN 2004-2015,COSTA RICA,15 VIDA DE ECOSISTEMAS TERRESTRES,,SECTOR PÚBLICO,COMISIÓN NACIONAL PARA LA GESTIÓN DE LA BIODIVERSIDAD (CONAGEBIO),REGISTRO ADMINISTRATIVO,"Mostar listados con la información de los permisos otorgados y relacionados con la biodiversidad, para su conservación y uso sostenible y asegurar la adecuada transferencia científico-técnica y la distribución justa y equitativa de los beneficios derivados del acceso, de acuerdo a la norma.",,,,Año * Expediente * Proyecto * Interesado * Sitio de Acceso * Resolución * Fecha inicio * Fecha finaliza,"Permisos otorgados en biosprección, con las variables relacionadas, para los años 2004-2015",NACIONAL,SI,PDF,http://www.conagebio.go.cr/Conagebio/public/permisosOtorgados.html,28/07/2016,ANUAL,2016,,,http://www.conagebio.go.cr/Conagebio/public/,PARA EXTRACCIÓN
LISTA DE LOS PERMISOS OTORGADOS EN BIOPROSPECCIÓN 2004-2015,COSTA RICA,15 VIDA DE ECOSISTEMAS TERRESTRES,,SECTOR PÚBLICO,COMISIÓN NACIONAL PARA LA GESTIÓN DE LA BIODIVERSIDAD (CONAGEBIO),REGISTRO ADMINISTRATIVO,"Mostar listados con la información de los permisos otorgados y relacionados con la biodiversidad, para su conservación y uso sostenible y asegurar la adecuada transferencia científico-técnica y la distribución justa y equitativa de los beneficios derivados del acceso, de acuerdo a la norma.",,,,Año * Expediente * Proyecto * Interesado * Sitio de Acceso * Resolución * Fecha inicio * Fecha finaliza,"Permisos otorgados en biosprección, con las variables relacionadas, para los años 2004-2015",NACIONAL,SI,PDF,http://www.conagebio.go.cr/Conagebio/public/permisosOtorgados.html,28/07/2016,ANUAL,2016,,,http://www.conagebio.go.cr/Conagebio/public/,PARA EXTRACCIÓN
BASES DE DATOS DE INVESTIGACIONES BIOMÉDICAS INSTITUCIONES PÚBLICAS Y PRIVADAS,COSTA RICA,3 SALUD Y BIENESTAR,,SECTOR PÚBLICO,CONSEJO NACIONAL DE INVESTIGACIÓN EN SALUD (CONIS),REGISTRO ADMINISTRATIVO,Presentar Bases de datos de investigaciones biomédicas actualizadas al 31 de enero del 2016: CEC (Comité Ético Científico)-INCIENSA,,,,N° de protocolo * Título del estudio * Fecha aprobación * Fecha finalización * N° participantes aprobados * Lugar del estudio * Investigador * Patrocinador * N° de póliza * Fecha auditoría * Estado actual,"Estudios activos aprobados antes de la Ley 9234 Ley Reguladora de Investigación Biomédica * Estudios activos aprobados desde la publicación de la Ley 9234 
 Ley Reguladora de Investigación Biomédica : CEC-INCIENCA * CEC UCIMED * CEC-ICIC * CEC-UCR (proyectos de invesdtigación vigente) * CEC-UCR (tesis vigentes) * CEC-UNA * CECI-(CCS) * CLOBIS (Comités locales de biótica) 
  * Estudios aprobados desde la publicación de la Ley 9234 Ley Reguladora de Investigación Biomédica *",NACIONAL,SI,XLSX,https://www.ministeriodesalud.go.cr/index.php/consejos/conis,31/07/2016,NO ESTABLECIDO,31-ene.-16,,,https://www.ministeriodesalud.go.cr/index.php/consejos/conis,
BASES DE DATOS DE INVESTIGACIONES BIOMÉDICAS INSTITUCIONES PÚBLICAS Y PRIVADAS,COSTA RICA,"9 INDUSTRIA, INNOVACIÓN E INFRAESTRUCTURA",,SECTOR PÚBLICO,CONSEJO NACIONAL DE INVESTIGACIÓN EN SALUD (CONIS),REGISTRO ADMINISTRATIVO,Presentar Bases de datos de investigaciones biomédicas actualizadas al 31 de enero del 2016: CEC (Comité Ético Científico)-INCIENSA,,,,N° de protocolo * Título del estudio * Fecha aprobación * Fecha finalización * N° participantes aprobados * Lugar del estudio * Investigador * Patrocinador * N° de póliza * Fecha auditoría * Estado actual *,"Estudios activos aprobados antes de la Ley 9234 Ley Reguladora de Investigación Biomédica * Estudios activos aprobados desde la publicación de la Ley 9234 
 Ley Reguladora de Investigación Biomédica : CEC-INCIENCA * CEC UCIMED * CEC-ICIC * CEC-UCR (proyectos de investigación vigente) * CEC-UCR (tesis vigentes) * CEC-UNA * CECI-(CCS) * CLOBIS (Comités locales de biótica) 
  * Estudios aprobados desde la publicación de la Ley 9234 Ley Reguladora de Investigación Biomédica *",NACIONAL,SI,XLSX,https://www.ministeriodesalud.go.cr/index.php/consejos/conis,31/07/2016,NO ESTABLECIDO,31-ene.-16,,,https://www.ministeriodesalud.go.cr/index.php/consejos/conis,
"MATRIZ PROGRAMACIÓN ESTRATÉGICA PRESUPUESTARIA PARA LA PROMOCIÓN DE LA CIENCIA, TECNOLOGÍA E INNOVACIÓN",COSTA RICA,"9 INDUSTRIA, INNOVACIÓN E INFRAESTRUCTURA",,SECTOR PÚBLICO,CONSEJO NACIONAL DE INVESTIGACIONES CIENTÍFICAS Y TECNOLÓGICAS (CONICIT),REGISTRO ADMINISTRATIVO,"Administrar incentivos dirigidos a aumentar las capacidades nacionales y promover el desarrollo en ciencia y tecnología, mediante el financiamiento para la formación de recurso humano especializado y la ejecución de proyectos de investigación y desarrollo tecnológico, tanto para los centros de investigación públicos y sin fines de lucro como para la empresa privada.",,,,Producto * Usuario * Metas programadas * Metas logradas *Año * Presupuesto * Fuente financiera * Fuente datos * Fuente indicador,"Matríz programación estratégica-Presupuestaria para la promoción de la ciencia, tecnoloía e innovación (Ley 9218), Convenio MICITT-CONICIT * Matríz programación Estratégica de Gestión Administrativa",NACIONAL,SI,PDF,http://www.conicit.go.cr/acerca_del_conicit/Planificacion/PlanOperativoInstitucional-2016-Ley5048.pdf,01/08/2016,NO ESTABLECIDO,sep-15,,,https://www.ministeriodesalud.go.cr/index.php/consejos/conis,PARA EXTRACCIÓN
EVALUACIÓN DE LA PRESTACIÓN DE SERVICIOS PÚBLICOS POR MEDIOS DIGITALES EN COSTA RICA 2015,COSTA RICA,"9 INDUSTRIA, INNOVACIÓN E INFRAESTRUCTURA",,SECTOR PÚBLICO,CONSEJO NACIONAL DE INVESTIGACIONES CIENTÍFICAS Y TECNOLÓGICAS (CONICIT),REGISTRO ADMINISTRATIVO,"Medir la experiencia del ciudadano, evaluar la Calidad del medio digital, calidad y madurez de la información y evidenciar las posibilidades específicas de mejora y así promover el desarrollo de las ciencias y de la tecnología, para fines pacíficos, por medio de la investigación sistematizada o del acto creador.",,,,"Entidad evaluada * Calidad de la Interacción * Calidad de la Información * Calidad del medio digital * Amplitud * Exactitud * Claridad , Aplicabilidad * Nivel de Solidéz* Seguridad * Municipalidad * Consejo",Ranking general 2015 Ranking de Municipalidades * Calificaciones del sitio Web promedio del Gobierno y Municipalidades de Costa Rica * Calificaciones del sitio Web promedio de las Municipalidades y Concejos Municipales de Costa Rica,NACIONAL* MUNICIPALIDAD,SI,PDF,http://www.conicit.go.cr/servicios/listadocs/informes/Calidad-Servicios-Publicos-2015.pdf,01/08/2016,NO ESTABLECIDO,ene.-16,,,https://www.ministeriodesalud.go.cr/index.php/consejos/conis,PARA EXTRACCIÓN
EVALUACIÓN DE LA PRESTACIÓN DE SERVICIOS PÚBLICOS POR MEDIOS DIGITALES EN COSTA RICA 2015,COSTA RICA,11 CIUDADES Y COMUNIDADES SOSTENIBLES,,SECTOR PÚBLICO,CONSEJO NACIONAL DE INVESTIGACIONES CIENTÍFICAS Y TECNOLÓGICAS (CONICIT),REGISTRO ADMINISTRATIVO,"Medir la experiencia del ciudadano, evaluar la Calidad del medio digital, calidad y madurez de la información y evidenciar las posibilidades específicas de mejora y así promover el desarrollo de las ciencias y de la tecnología, para fines pacíficos, por medio de la investigación sistematizada o del acto creador.",,,,"Entidad evaluada * Calidad de la Interacción * Calidad de la Información * Calidad del medio digital * Amplitud * Exactitud * Claridad , Aplicabilidad * Nivel de Solidéz * Seguridad * Municipalidad * Consejo",Ranking general 2015 Ranking de Municipalidades * Calificaciones del sitio Web promedio del Gobierno y Municipalidades de Costa Rica * Calificaciones del sitio Web promedio de las Municipalidades y Concejos Municipales de Costa Rica,NACIONAL* MUNICIPALIDAD,SI,PDF,http://www.conicit.go.cr/acerca_del_conicit/Planificacion/PlanOperativoInstitucional-2016-Ley5048.pdf,01/08/2016,NO ESTABLECIDO,ene.-16,,,http://www.conicit.go.cr/servicios/documentoscyt.html,PARA EXTRACCIÓN
DENUNCIAS Y CONSULTAS RECIBIDAS EN EL CONAPAM POR VIOLENCIA CONTRA PERSONAS ADULTAS MAYORES,COSTA RICA,10 REDUCCIÓN DE LAS DESIGUALDADES,,SECTOR PÚBLICO,CONSEJO NACIONAL DE LA PERSONA ADULTA MAYOR (CONAPAM),REGISTRO ADMINISTRATIVO,Presentar información de las denuncias y consultas sobre violencia contra personas adultas mayores,,,,Mes * Sexo * Tipología,"Denuncias y consultas recibidas en el CONAPAM por violencia contra personas adultas mayores según tipo de maltrato y sexo, abril año 2016 * Otras consultas recibidas en el CONAPAM por tipo y sexo, abril 2016",NACIONAL,SI,HTML,http://www.conicit.go.cr/servicios/listadocs/informes/Calidad-Servicios-Publicos-2015.pdf,01/08/2016,MENSUAL,abr.-16,,,http://www.conapam.go.cr/estadisticas/,PARA EXTRACCIÓN
II ENCUESTA NACIONAL DE JUVENTUDES RESULTADOS PRINCIPALES 2013,COSTA RICA,10 REDUCCIÓN DE LAS DESIGUALDADES,,SECTOR PÚBLICO,CONSEJO NACIONAL DE POLÍTICA PÚBLICA DE LA PERSONA JOVEN,ENCUESTA POR MUESTREO,"Actualizar información sobre las personas Jóvenes y llevar al campo de la investigación la temática de derechos humanos, con el fin de evaluar la situación desde la perspectiva de las personas jóvenes, contribuir al conocimiento, orientar políticas y promover acciones inclusivas de las personas jóvenes en Costa Rica",,,,Grupo de Edad * Sexo * Estado Cívil * Último grado de estudios aprobado * Nacionalidad * Documento migrante * Zona de residencia * Nivel de escolaridad,"Población jóven de 15 a 35 años según sexo * Personas jóvenes de 15 a 35 según estado cívil * Personas Jóvenes según educación * Nacionalidad de las personas jóvenes * Migrantes por sexo, según el estado de la documentación * Personas jóvenes por sexo, según nivel de escolaridad * Personas jóvenes que han vivido situaciones de intimidación o acoso en los centros educativos * Personas jóvenes por sexo",NACIONAL,NO,NA,CONSEJO NACIONAL DE POLÍTICA PÚBLICA DE LA PERSONA JOVEN,01/08/2016,NO ESTABLECIDO,2013,,,http://www.unfpa.or.cr/images/II_Encuesta_Nal_de_Juventudes_Resultados_Principales.pdf,
PROVEEDORES ACTIVOS DEL PROGRAMA DE ABASTECIMIENTO INSTITUCIONAL - (CNA-PAI),COSTA RICA,"9 INDUSTRIA, INNOVACIÓN E INFRAESTRUCTURA",,SECTOR PÚBLICO,CONSEJO NACIONAL DE PRODUCCIÓN (CNP),REGISTRO ADMINISTRATIVO,"Brindar información actualizada y periódicamente, a traves del Sistema de iNformación de mercados agroalimentarios (SIMAC), los proveedores activos del programa de abastecimiento institucional",,,,Empresa * Producto * Región * Tamaño Empresa,"Listado de proveedores activos que abastecen el programa institucional PAI, por nombre de empresa, productos que abastece, región y tipo de empresa",NACIONAL,SI,PDF,https://simacr.go.cr/index.php/cna/suplidores,02/08/2016,MENSUAL,abr.-14,,,https://simacr.go.cr/,PARA EXTRACCIÓN
PROVEEDORES ACTIVOS DEL PROGRAMA DE ABASTECIMIENTO INSTITUCIONAL - (CNA-PAI),COSTA RICA,2 HAMBRE CERO,,SECTOR PÚBLICO,CONSEJO NACIONAL DE PRODUCCIÓN (CNP),REGISTRO ADMINISTRATIVO,"Brindar información actualizada y periódicamente, a traves del Sistema de iNformación de mercados agroalimentarios (SIMAC), los proveedores activos del programa de abastecimiento institucional",,,,Empresa * Producto * Región * Tamaño Empresa,"Listado de proveedores activos que abastecen el programa institucional PAI, por nombre de empresa, productos que abastece, región y tipo de empresa",NACIONAL,SI,PDF,https://simacr.go.cr/index.php/cna/suplidores,02/08/2016,MENSUAL,abr.-14,,,https://simacr.go.cr/,PARA EXTRACCIÓN
PRECIOS DE REFERENCIA DE COMPRA (CNA-PAI),COSTA RICA,8 TRABAJO DECENTE Y CRECIMIENTO ECONÓMICO,,SECTOR PÚBLICO,CONSEJO NACIONAL DE PRODUCCIÓN (CNP),REGISTRO ADMINISTRATIVO,"Brindar información actualizada y periódicamente, a través del Sistema de información de mercados agroalimentarios (SIMAC, de los precios nacionales e internacionales, para su respectivo análisis de mercados agroalimentarios.",,,,Período (Fecha) * Código * Producto * Tipo * Calidad * Tamaño * Calibre * Unidad de venta mayorista * Unidad venta minorista * Precio,"Listado en línea de precios de referencia del programa Abastecimiento Institucional, por semana",NACIONAL,SI,PDF,https://simacr.go.cr/index.php/cna/precios-de-referencias-compra,02/08/2016,PERMANENTE,jul.-16,,,https://simacr.go.cr/,PARA EXTRACCIÓN
PRECIOS DE REFERENCIA DE COMPRA (CNA-PAI),COSTA RICA,2 HAMBRE CERO,,SECTOR PÚBLICO,CONSEJO NACIONAL DE PRODUCCIÓN (CNP),REGISTRO ADMINISTRATIVO,"Brindar información periódica con la información de los precios nacionales e internacionales, para su respectivo análisis de mercados agroalimentarios",,,,Período (Fecha) * Código * Producto * Tipo * Calidad * Tamaño * Calibre * Unidad de venta mayorista * Unidad venta minorista * Precio,"Listado de precios de hortofrutícolas, semanal",NACIONAL,SI,PDF,https://simacr.go.cr/index.php/cna/precios-de-referencias-compra,02/08/2016,PERMANENTE,jul.-16,,,https://simacr.go.cr/,PARA EXTRACCIÓN
RESULTADOS DE SERVICIOS BÁSICOS (AGUA Y ENERGIA) ENCUESTA ENERO 2015,COSTA RICA,6 AGUA LIMPIA Y SANEAMIENTO,,SECTOR PÚBLICO,CONTRALORÍA GENERAL DE LA REPÚBLICA (CGR),ENCUESTA POR MUESTREO,"Presentar los resultados más relevantes de la encuesta respecto al suministro, calidad y costo del agua suministrada a usuarios Costarricences, para mejora de la eficiencia de la gestión pública y con fundamento en el Plan Estratégico Institucional 2013- 2020 de la Contraloría General de la República",,,,Continuidad * Suficiencia * Calidad * Costo,"Percepción del cumplimiento de atributos de calidad y el costo económico del servicio de agua, según provincia * Percepción de la continuidad y costo del servicio de electricidad",NACIONAL* PROVINCIA,SI,XLSX*SAV*TXT*ODS*PDF,https://cgrfiles.cgr.go.cr/publico/docsweb/esc/serv_basicos.html,02/08/2016,NO ESTABLECIDO,ene.-15,,,https://cgrfiles.cgr.go.cr/publico/docsweb/esc/,
RESULTADOS DE ENCUESTA SERVICIOS BÁSICOS (AGUA Y ENERGIA) ENCUESTA ENERO 2015,COSTA RICA,11 CIUDADES Y COMUNIDADES SOSTENIBLES,,SECTOR PÚBLICO,CONTRALORÍA GENERAL DE LA REPÚBLICA (CGR),ENCUESTA POR MUESTREO,"Presentar los resultados más relevantes de la encuesta respecto al suministro, calidad y costo del agua suministrada a usuarios Costarricences, para mejora de la eficiencia de la gestión pública y con fundamento en el Plan Estratégico Institucional 2013- 2020 de la Contraloría General de la República",,,,Continuidad * Suficiencia * Calidad * Costo * Edad * Sexo * Vehículo propio,"Percepción del cumplimiento de atributos de calidad y el costo económico del servicio de agua, según provincia * Percepción de la continuidad y costo del servicio de electricidad * Costo de combustible * Calidad combustible",NACIONAL* PROVINCIA,SI,XLSX*SAV*TXT*ODS*PDF,https://cgrfiles.cgr.go.cr/publico/docsweb/esc/serv_basicos.html,02/08/2016,NO ESTABLECIDO,ene.-15,,,https://cgrfiles.cgr.go.cr/publico/docsweb/esc/,
RESULTADOS DE SERVICIOS COMUNALES ENCUESTA ENERO 2015,COSTA RICA,6 AGUA LIMPIA Y SANEAMIENTO,,SECTOR PÚBLICO,CONTRALORÍA GENERAL DE LA REPÚBLICA (CGR),ENCUESTA POR MUESTREO,"Presentar los resultados más relevantes encuesta respecto a servicios comunitarios suministrados a usuarios Costarricences, con el fin de mejorar la eficiencia de la gestión pública con fundamento en el Plan Estratégico Institucional 2013- 2020 de la Contraloría General de la República",,,,Recolección de basuras * Cobro Impuestos * Parques * Espacio para deportes * Facilidad circulación de carros * Limpieza vías públicas * Lugar para actividades culturales * Alcantarillado * Mantenimiento y demarcación calles *Parqueo público,Existencia de condiciones comunales * Percepción acerca de los servicios municipales,NACIONAL,SI,XLSX*SAV*TXT*ODS*PDF,https://cgrfiles.cgr.go.cr/publico/docsweb/esc/serv_comunales.html,02/08/2016,NO ESTABLECIDO,ene.-15,,,https://cgrfiles.cgr.go.cr/publico/docsweb/esc/,
RESULTADOS DE SERVICIOS COMUNALES ENCUESTA ENERO 2015,COSTA RICA,11 CIUDADES Y COMUNIDADES SOSTENIBLES,,SECTOR PÚBLICO,CONTRALORÍA GENERAL DE LA REPÚBLICA (CGR),ENCUESTA POR MUESTREO,"Presentar los resultados más relevantes encuesta respecto a servicios comunitarios suministrados a usuarios Costarricences, con el fin de mejorar la eficiencia de la gestión pública con fundamento en el Plan Estratégico Institucional 2013- 2020 de la Contraloría General de la República",,,,Recolección de basuras * Cobro Impuestos * Parques * Espacio para deportes * Facilidad circulación de carros * Limpieza vías públicas * Lugar para actividades culturales * Alcantarillado * Manenimiento y demarcación calles * Parqueo público,Existencia de condiciones comunales * Percepción acerca de los servicios municipales,NACIONAL,SI,XLSX*SAV*TXT*ODS*PDF,https://cgrfiles.cgr.go.cr/publico/docsweb/esc/serv_comunales.html,02/08/2016,NO ESTABLECIDO,ene.-15,,,https://cgrfiles.cgr.go.cr/publico/docsweb/esc/,
RESULTADOS RELEVANTES DEL SERVICIO DE SALUD. ENCUESTA ENERO 2015,COSTA RICA,3 SALUD Y BIENESTAR,,SECTOR PÚBLICO,CONTRALORÍA GENERAL DE LA REPÚBLICA (CGR),ENCUESTA POR MUESTREO,Presentar los resultados más relevantes respecto a servicios comunitarios suministrados a usuarios Costarricences con el fin de mejorar la eficiencia de la gestión pública con fundamento en el Plan Estratégico Institucional 2013- 2020 de la Contraloría General de la República,,,,Calidad atención médica * Efectividad Tratamiento * Estado Instalaciones * Atención personal administrativo * Tiempo de espera * Instalaciones,"Percepción positiva sobre atributos en la calidad del servicio de salud, según el nivel de atención en EBAIS, clínicas y Hospitales",NACIONAL,SI,XLSX*SAV*TXT*ODS*PDF,https://cgrfiles.cgr.go.cr/publico/docsweb/esc/salud.html,02/08/2016,NO ESTABLECIDO,ene.-15,,,https://cgrfiles.cgr.go.cr/publico/docsweb/esc/,
ENCUESTA DE RESPONSABILIDAD SOCIAL EMPRESARIAL (RSE) 2011,COSTA RICA,"9 INDUSTRIA, INNOVACIÓN E INFRAESTRUCTURA",,SECTOR PRIVADO,PWC INTERAMERICAS,ENCUESTA POR MUESTREO,"Encuestar, evaluar e informar la importancia que dan las empresas a la Responsabilidad Social Empresarial (RSE), la gestión e inversión realizada en este aspecto para impulsar el fortalecimiento de las empresas y generar valores de lealtad y reconocimiento de los consumidores",,,,*Importancia de la Responsabilidad social * Alianzas con otras Empresas * Público Interno * política pública * Gobernabilidad * Mercadeo * Proveedores * Limitaciones * Prioridad RSE * Factores que influyen en la reputación de la organización * Accciones RSE * Programas equilibrio de vida personal/trabajo,Distribución de las Empresas 2003-2011 * La responsabilidad social empresarial (RSE) es un asunto de relaciones públicas muy importante * La RSE es vital para la sustentabililidad y rentabilidad de cualquier compañía * Inversión anual de las empresas en RSE,NACIONAL,NO,NA,PWC INTERAMERICAS,03/08/2016,NO ESTABLECIDO,jul.-12,,,http://www.pwc.com/ia/es/search.html?searchfield=ENCUESTA+&pwcGeo=IA&pwcLang=es&pwcHideLevel=0&pwcSiteSection=,
ENCUESTA DE RESPONSABILIDAD SOCIAL EMPRESARIAL (RSE) 2011,COSTA RICA,12 PRODUCCIÓN Y CONSUMO RESPONSABLES,,SECTOR PRIVADO,PWC INTERAMERICAS,ENCUESTA POR MUESTREO,"Encuestar y evaluar la importancia que dan las empresas a la Responsabilidad Social Empresarial (RSE), la gestión e inversión realizada en este aspecto para impulsar el fortalecimiento de las empresas y generar valores de lealtad y reconocimiento de los consumidores",,,,*Importancia de la Responsabilidad social * Alianzas con otras Empresas * Público Interno * política pública * Gobernabilidad * Mercadeo * Proveedores * Limitaciones * Prioridad RSE * Factores que influyen en la reputación de la organización * Accciones RSE * Programas equilibrio de vida personal/trabajo,Distribución de las Empresas 2003-2011 * La responsabilidad social empresarial (RSE) es un asunto de relaciones públicas muy importante *La RSE es vital para la sustentabililidad y rentabilidad de cualquier compañía * Inversión anual de las empresas en RSE,NACIONAL,NO,NA,PWC INTERAMERICAS,03/08/2016,NO ESTABLECIDO,jul.-12,,,http://www.pwc.com/ia/es/search.html?searchfield=ENCUESTA+&pwcGeo=IA&pwcLang=es&pwcHideLevel=0&pwcSiteSection=,
"ENCUESTA DE RESPONSABILIDAD SOCIAL EMPRESARIAL (RSE) 2011 "" UN FUTURO MÁS SOSTENIBLE""",COSTA RICA,11 CIUDADES Y COMUNIDADES SOSTENIBLES,,SECTOR PRIVADO,PWC INTERAMERICAS,ENCUESTA POR MUESTREO,"Encuestar y evaluar la importancia que dan las empresas a la Responsabilidad Social Empresarial (RSE), la gestión e inversión realizada en este aspecto para impulsar el fortalecimiento de las empresas y generar valores de lealtad y reconocimiento de los consumidores.",,,,*Impacto Económico * Impacto Ambiental * Impacto social * Alianzas con otras Empresas * Comunidad * Público Interno * Acciones RSE * Programas equilibrio de vida personal/trabajo,Limitaciones para implementar un Plan de Responsabilidad social Empresarial (RSE) *Métodos empleados para evaluar los programas de Equilibrio de vida personal/trabajo * La responsabilidad social es un asunto de relaciones públicas muy importante *La RSE es vital para la sustentabililidad y rentabilidad de cualquier compañía * Inversión anual de las empresas en RSE,NACIONAL,NO,NA,PWC INTERAMERICAS,03/08/2016,NO ESTABLECIDO,jul.-12,,,http://www.pwc.com/ia/es/search.html?searchfield=ENCUESTA+&pwcGeo=IA&pwcLang=es&pwcHideLevel=0&pwcSiteSection=,
ENCUESTA DE AMBIENTE Y CAMBIO CLIMÁTICO (ENACC) 2014.,COSTA RICA,13 ACCIÓN POR EL CLIMA,,ORGANISMOS MULTILATERALES,PNUD,ENCUESTA POR MUESTREO,Evaluar la opinión que tienen las personas sobre las políticas ambientales en el país. Evaluar el nivel de conocimiento que posee la población sobre los temas asociados a cambio climático. Conocer las posibilidades de mercado para productos carbono neutral y ambientalmente sostenible,,,,Problema * Grado de acuerdo y desacuerdo * Percepción cambio climático * Causa cambio climático * Factores que influyen el cambio climático * Intención compra producto sostenible * Producto * Servicio,Principal problema ambiental que afecta a Costa Rica actualmente * Grado de acuerdo ante afirmaciones relacionadas con la responsabilidad de distintos actores de proteger el ambiente * Grados de acuerdo… para contener la degradación ambiental y el cambio climático * Opinión de las posibles causas que contribuyen al cambio climático * Opinión posibles afectaciones que contribuyen al cambio climático * Preferencia para seleccionar un producto o servicio amigable con el medio ambiente * Cuánto estaría dispuesto a pagar de más por un producto amigable con el medio ambiente,NACIONAL * REGIONES,NO,NA,PNUD,03/08/2016,NO ESTABLECIDO,dic.-14,,,http://www.cr.undp.org/content/costarica/es/home/library/environment_energy.html,
ENCUESTA DE AMBIENTE Y CAMBIO CLIMÁTICO (ENACC) 2014.,COSTA RICA,11 CIUDADES Y COMUNIDADES SOSTENIBLES,,ORGANISMOS MULTILATERALES,PNUD,ENCUESTA POR MUESTREO,Evaluar la opinión que tienen las personas sobre las políticas ambientales en el país. Evaluar el nivel de conocimiento que posee la población sobre los temas asociados a cambio climático y valor de producto a la hora de hacer la compra. Conocer las posibilidades de mercado para productos carbono neutral y ambientalmente sostenible,,,,Problema * Grado de acuerdo y desacuerdo * Percepción cambio climático * Causa cambio climático * Factores que influyen el cambio climático * Intención compra producto sostenible * Producto * Servicio,Percepción sobre las políticas ambientales y climáticas del país * Conocimiento de la población sobre los temas asociados al cambio climático * Intensión de compra de productos carbono neutral y ambientalmente sostenibles,NACIONAL * REGIONES,NO,NA,PNUD,03/08/2016,NO ESTABLECIDO,dic.-14,,,http://www.cr.undp.org/content/costarica/es/home/library/environment_energy.html,
SEGURIDAD ALIMENTARIA Y CAMBIO CLIMÁTICO EN COSTA RICA: GRANOS BÁSICOS,COSTA RICA,13 ACCIÓN POR EL CLIMA,,ORGANISMOS MULTILATERALES,PNUD,REGISTRO ADMINISTRATIVO,"El Instituto Meteorológico Nacional en apoyo con el PNUD Costa Rica, desarrolló un estudio que tiene como fin apoyar al Estado costarricense en la definición de acciones de adaptación ante el riesgo de variabilidad climática que los fenómenos de El Niño y La Niña producirán en el país sobre la producción de granos básicos (arróz, fríjoles y maíz), con el fin de apoyar las bases ténicas para crear una adecuada seguridad alimentaria en Costa Rica.",,,,"País * Indice de desarrollo humano * Indice de riesgo climático * Eventos extremos * Año * Región Climática * Cantón * Arróz * Maíz * Frijol * Región * Amenaza * Fase de Enos (niño, niña)","Algunas características sobre riesgo climático de los principales países de los cuales costa rica importa granos básicos * Cantones de mayor exposición, periodo 1980-2012 * Cantones de mayor sensibilidad * Cantones de mayor vulnerabilidad integrada * Balance anual de las lluvias durante los eventos extremos del enoS (el niño y la Niña) * Estimación de pérdidas y ganancias económicas con base en el rendimiento regional de arróz, del fríjol, del maíz durante eventos el niño y la niña * Estimación de pérdidas y ganancias económicas * Matriz de riesgo climático durante eventos el niño para los granos básicos * Matriz de riesgo climático durante eventos la niña para los granos básicos",NACIONAL * REGIÓN * CANTÓN,NO,NA,ORGANISMOS MULTILATERALES,03/08/2016,NO ESTABLECIDO,nov.-14,,,http://www.cr.undp.org/content/costarica/es/home/library/environment_energy/seguridad-alimentaria-y-cambio-climatico-en-costa-rica/,
PERSONAS DE CINCO AÑOS Y MÁS REGISTRADAS EN EL SIPO 2012 - CATEGORIA OCUPACIONAL,COSTA RICA,1 FIN DE LA POBREZA,,SECTOR PÚBLICO,INSTITUTO MIXTO DE AYUDA SOCIAL (IMAS),ENCUESTA POR MUESTREO,"Presentar informe de las personas registradas en el SIPO 2012 y su caracterización, para la toma de decisiones y para promover oportunidades, servicios y recursos con la participación activa de diferentes actores sociales y con transparencia, espíritu de servicio y solidaridad”.",,,,Área Regional * Edad * sexo * Asalariado sector privado * Asalariado sector público * Cuenta propia * Empleado(a) doméstica * Patrono * Trabajo no remunerado * Ciclo enseñanza * Provincia,"Categoria ocupacional de las personas de cinco años y más registradas en el SIPO con ficha de información social vigente (FIS), según área de desarrollo social * Total de fichas de información social, según condición de vigencia y zona * Total de personas registradas en SIPO con ficha de información social vigente, según área regional de desarrollo Social y nacionalidad * Categoría Ocupacional de las personas de cinco años y más registradas en SIPO con ficha de información social vigente, según región de MIDEPLAN * Total de personas registradas en SIPO con ficha de información social vigente, según área regional de desarrollo social, sexo y rangos de edad",NACIONAL* DISTRITO * CANTÓN * REGIÓN,NO,NA,INSTITUTO MIXTO DE AYUDA SOCIAL (IMAS),04/08/2016,NO ESTABLECIDO,2012,,,http://www.imas.go.cr/biblioteca/estadisticas_sipo.html,
PERSONAS DE CINCO AÑOS Y MÁS REGISTRADAS EN EL SIPO 2012 - CARACTERIZACION Y CATEGORIZACION,COSTA RICA,8 TRABAJO DECENTE Y CRECIMIENTO ECONÓMICO,,SECTOR PÚBLICO,INSTITUTO MIXTO DE AYUDA SOCIAL (IMAS),REGISTRO ADMINISTRATIVO,"Presentar informe de las personas registradas en su Sistema de información de la población SIPO 2012, así como su caracterización, para la toma de decisiones y para promover oportunidades, servicios y recursos con la participación activa de diferentes actores sociales y con transparencia, espíritu de servicio y solidaridad”.",,,,Área Regional * Edad * Sexo * Asalariado sector privado * Asalariado sector público * Cuenta propia * Empleado(a) doméstica * Patrono * Trabajo no remunerado * Ciclo enseñanza * Provincia,"Categoria ocupacional de las personas de cinco años y más registradas en el SIPO con ficha de información social vigente, según área de desarrollo social * Total de fichas de información social (FIS), según condición de vigencia y zona * Total de personas registradas en SIPO con ficha de información social vigente, según área regional de desarrollo social y nacionalidad * Categoría oupacional de las personas de cinco años y más registradas en SIPO con ficha de información social vigente, según región de MIDEPLAN * Total de personas registradas en SIPO con ficha de información social vigente, según área regional de desarrollo social, sexo y rangos de edad",NACIONAL* DISTRITO* CANTÓN * REGIÓN,SI,HTML,http://www.imas.go.cr/biblioteca/estadisticas_sipo.html,04/08/2016,NO ESTABLECIDO,2012,,,http://www.imas.go.cr/biblioteca/,PARA EXTRACCIÓN
BENEFICIARIOS PROGRAMA DE BECAS 2006-2010,COSTA RICA,4 EDUCACIÓN DE CALIDAD,,SECTOR PÚBLICO,FONDO NACIONAL DE BECAS - FONABE,REGISTRO ADMINISTRATIVO,"Informar a la Presidencia de la República, al Ministerio de Educación, a la Asamblea Legislativa y la opinión pública sobre la gestión institucional del Fondo Nacional de Becas 2010",,,,* Año * Programa * Género estudiante * Zona * Provincia * Universidad * Nivel educativo * Año * Colegio * Beneficiarios * Inversión * Condición económica,Distribución de la inversión en becas 2006-2010 * Parámetros de medición según la línea de pobreza del INEC,NACIONAL * PROVINCIA,NO,NA,FONDO NACIONAL DE BECAS - FONABE,07/08/2016,ANUAL,2012,,,http://www.fonabe.go.cr/Informacion/EncargadosBecas/Paginas/Funciones_Comite_Becas.aspx,
LISTA OFICIAL DE AVES DE COSTA RICA 2015-2016,COSTA RICA,15 VIDA DE ECOSISTEMAS TERRESTRES,,SOCIEDAD CIVIL,ASOCIACION ORNITOLÓGICA DE COSTA RICA (AOCR),CENSO,"Mantener informado en EXCEL Y ON LINE al público en general, instituciones estatales, ONG's y a la comunidad ornitológica nacional e internacional, sobre los últimos avances y cambios en la Lista Oficial.",,,,Nombre * Estatus * Familia,Lista oficial de aves de Costa Rica (915 especies),NACIONAL,SI,XLSX,https://listaoficialavesdecostarica.wordpress.com/lista-oficial/,07/08/2016,PERMANENTE,jun.-16,,,https://listaoficialavesdecostarica.wordpress.com/nuevos-registros/,
MONITOREO NACIONAL DE AVES RESIDENTES- PROYECTO PUNTOS DE CONTEO DE AVES RESIDENTES-COSTA RICA 2012-2014,COSTA RICA,15 VIDA DE ECOSISTEMAS TERRESTRES,,SOCIEDAD CIVIL,ASOCIACIÓN ORNITOLÓGICA DE COSTA RICA (AOCR),CENSO,"Mantener informado al público en general, instituciones estatales, ONG's y a la comunidad ornitológica nacional e internacional, sobre los últimos avances y cambios en la Lista Oficial.",,,,Provincia * Metodología * Zonas * Especies * Individuos * Rutas,Participación por provincia * Participación según metodología * Tendencia puntos de conteos efectivos * Zonas de vida * Riqueza de especies * Especies endémicas para Costa Rica y la región * Especies más abundantes en jardines y parques * Especies más abundantes en rutas,NACIONAL * REGIONES,SI,XLSX,https://conteodeavescr.wordpress.com/resultados-conteos/,07/08/2016,TRIANUAL,2015,,,https://conteodeavescr.wordpress.com/resultados-conteos/,
AVES DE LA ISLA DEL COCO,COSTA RICA,15 VIDA DE ECOSISTEMAS TERRESTRES,,SOCIEDAD CIVIL,FUNDACIÓN AMIGOS DE LA ISLA DEL COCO (FAICO),REGISTRO ADMINISTRATIVO,Informar las especies de aves que habitan la Isla del Coco,,,,Familia * Género * Especie * Nombre * Status Geográfico,Listado con las diferentes especies de aves que habitan en Costa Rica por Status * Aves marinas * Aves Costeras * Aves Terrestres * Aves Dométicas * Aves residentes * Aves visitantes * Clasificación de aves por abundancia,ISLA COCO,NO,NA,FUNDACIÓN AMIGOS DE LA ISLA DEL COCO (FAICO),08/08/2016,PERMANENTE,jul.-15,,,http://www.cocosisland.org/aves-de-la-isla/la-isla/aves-de-la-isla/aves-de-la-isla,
"INFORMACIÓN DEL MERCADO, ESTADÍSTICAS Y PRECIOS DEL CAFÉ",COSTA RICA,12 PRODUCCIÓN Y CONSUMO RESPONSABLES,,SECTOR PÚBLICO,INSTITUTO DEL CAFÉ DE COSTA RICA (ICAFE),REGISTRO ADMINISTRATIVO,"Mostrar Histórico información de la producción nacional de Café y a nivel Mundial, así mismo las exportaciones y consumo desde 1977 a Dic 2015, fuente Organización Internacional del café OIC",,,,Año * Paises exportadores * Paises OIC * Paises Importadores * Consumo * Precios,Histórico Producción de café en Costa Rica y a nivel mundial * Histórico de producción exportable * Exportaciones mundiales del café * Producción mundial del café en sacos de 60 kg * Consumo de paises exportadores * Precios,MUNDIAL * NACIONAL,SI,XLSX,http://www.icafe.cr/sector-cafetalero/informacion-de-mercado/estadisticas-y-precios/,08/08/2016,ANUAL,2016,,,http://www.icafe.cr/sector-cafetalero/informacion-de-mercado/,
DIRECTORIO SOCIEDADES PROTECTORAS DE ANIMALES,COSTA RICA,15 VIDA DE ECOSISTEMAS TERRESTRES,,SOCIEDAD CIVIL,PERRO AMOR: COMO AYUDAR,REGISTRO ADMINISTRATIVO,"Presentar una lista de sociedades protectoras y de rescate de animales, para aquellos voluntarios que quieran hacer sus donaciones",,,,Asociación * Entidad *PO Box * Zona * Provincia * Tel * Fax * E-mail,Listado con la información de Nombre de Entidadades o Sociedades protectoras y de rescate de animales de Costa Rica,NACIONAL,NO,NA,PERRO AMOR: COMO AYUDAR,09/08/2016,NO ESTABLECIDO,NO INDICA,,,http://maguely-gaby.blogspot.com.co/p/como-ayudar.html,
LAS PERSONAS DE 50 AÑOS O MÁS EN COSTA RICA,COSTA RICA,10 REDUCCIÓN DE LAS DESIGUALDADES,,ACADEMIA,UNIVERSIDAD NACIONAL DE COSTA RICA - IDESPO,ENCUESTA POR MUESTREO,"Caracterizar a la población de 50 ó más años , costarricenses o extranjeros, con dos o más años de residir en el país, residentes en viviendas particulares en el territorio Nacional y que poseen teléfono.",,,,Edad * Sexo * Empoderamiento * Carencia * Estado soledad * Familia * Sexualidad * Ejercicio * Alimentación * Acceso a Pensión * Servicios * Grupo social * TIC * Estado Cívil * Nivel Educación * Ocupación * Características sociales * Educación * Medios * Acciones populares,Características de las personas de 50 o más años,NACIONAL,NO,NA,UNIVERSIDAD NACIONAL DE COSTA RICA - IDESPO,09/08/2016,NO ESTABLECIDO,oct.-11,,,http://www.idespo.una.ac.cr/index.php/inicio/areas-de-trabajo/estudios-de-poblacion,
PERCCEPCIÓN DE LA PERSONA ADULTA MAYOR SOBRE SÍ MISMA Y SU SITUACIÓN,COSTA RICA,10 REDUCCIÓN DE LAS DESIGUALDADES,,ACADEMIA,UNIVERSIDAD NACIONAL DE COSTA RICA - IDESPO,ENCUESTA POR MUESTREO,"Contribuir en el conocimiento de la persona adulta mayor de 60 años, desde una perspectiva de derechos, y sobre todo desde la percepción de las mismas personas.",,,,Edad * Sexo * Actividad * Frecuencia actividad * Estado Cívil,Caracterización por sexo * Percepción positiva y negativa acerca del concepto Adulto Mayor * Percepción atención servicios públicos * Concepto dieta y alimentos saludables,NACIONAL,NO,NA,UNIVERSIDAD NACIONAL DE COSTA RICA - IDESPO,10/08/2016,NO ESTABLECIDO,2010,,,http://www.idespo.una.ac.cr/index.php/inicio/areas-de-trabajo/estudios-de-poblacion,
PERCEPCIÓN DE LA TRATA DE PERSONAS 2015,COSTA RICA,5 IGUALDAD DE GÉNERO,,ACADEMIA,UNIVERSIDAD NACIONAL DE COSTA RICA - IDESPO,ENCUESTA POR MUESTREO,"Presentar análisis de resultados de la encuesta “Percepción sobre la Trata de Personas en Costa Rica” realzada para identificar el grado
 de conocimiento que tiene la población encuestada respecto a la Trata de Personas y la percepción presente en el ejercicio de construcción de la definición sobre el fenómeno de interés.
 sobre el fenómeno de interés",,,,Sexo * Edad * Provincia * Empleo * ¨Pobreza * Estudio * Riesgo * Medios de comunicación,"Distribución porcentual de conocimiento tema ""Trata de personas"" * Distribución porcentual de la población encuestada sobre concepto
 “trata de personas"" * Percepción de ocurrencia y tipos de trata de personas * Percepción de los factores * Nivel de riesgo que tienen
 las poblaciones de vivir una situación de trata de personas * Percepción acerca de la principal causa de vulnerabilidad de las personas que podrían ser víctimas de trata de personas * Distribución de la percepción de las personas acerca de los medios de comunicación en los que se ha publicado sobre trata de pesrsonas * Distribución de la percepción acerca de los derechos humanos y la trata de personas * Distribución situaciones específicas que ocurren en el país relacionadas con la trata de personas
 principal causa de vulnerabilidad de las personas que podrían ser víctimas de trata de personas * Percepción acerca de la
 información sobre la trata depersonas en medios de comunicación
 que incluyen para que se den casos de la trata de personas * Percepción acerca de los
 derechos humanos y la trata de personas",NACIONAL * PROVINCIA,NO,NA,UNIVERSIDAD NACIONAL DE COSTA RICA - IDESPO,10/08/2016,NO ESTABLECIDO,2015,,,"http://www.observatoriotrata.ac.cr/sites/default/files/recursos/2016-04/IDESPO%20UNA%20Informe%20prensa,%20Encuesta%20trata%20de%20personas%202015.pdf",
"INTERESES COTIDIANOS, ACTIVIDAD TURÍSTICA Y MANEJO DE LOS RESIDUOS SÓLIDOS",COSTA RICA,10 REDUCCIÓN DE LAS DESIGUALDADES,,ACADEMIA,UNIVERSIDAD NACIONAL DE COSTA RICA - IDESPO,ENCUESTA POR MUESTREO,"Caracterizar la población de acuerdo con sus aspectos , actividades e intereses cotidianos y actividades turísticas",,,,Sexo * Edad * Ultimo año de educación * Intereses * Número de viajes turísticos,"Características población entrevistada * Significado de la expresión ""Calidad de Vida"" * Dos actividades que le gusta a la población * En época de crisis cuando se ve limitado de su ingreso ¿Qué haría usted para ajustar su salario? Primer pensamiento acerca de la actividad turistíca * Tres principlaes razones por las cuáles no hace turismo",NACIONAL,NO,NA,UNIVERSIDAD NACIONAL DE COSTA RICA - IDESPO,10/08/2016,NO ESTABLECIDO,40787,,,http://www.idespo.una.ac.cr/index.php/inicio/areas-de-trabajo/estudios-de-poblacion,
"INTERESES COTIDIANOS, ACTIVIDAD TURÍSTICA Y MANEJO DE LOS RESIDUOS SÓLIDOS",COSTA RICA,13 ACCIÓN POR EL CLIMA,,ACADEMIA,UNIVERSIDAD NACIONAL DE COSTA RICA - IDESPO,ENCUESTA POR MUESTREO,"Caracterizar la población de acuerdo con sus intereses cotidianos y manejo de temas ambientales, específicamente el manejo de residuos sólidos",,,,Sexo * Edad * Ultimo año de educación * Separación residuos * Distribución residuos sólidos,"Características población entrevistada * Significado de la expresión ""Calidad de Vida"" * Dos actividades que le gusta a la población * En época de crisis cuando se ve limitado de su ingreso ¿Qué haría usted para ajustar su salario? Primer pensamiento acerca de la actividad turistíca * Tres principlaes razones por las cuáles no hace turismo",NACIONAL,NO,NA,UNIVERSIDAD NACIONAL DE COSTA RICA - IDESPO,10/08/2016,NO ESTABLECIDO,sep-11,,,http://www.idespo.una.ac.cr/index.php/inicio/areas-de-trabajo/estudios-de-poblacion,
PERSONAS ADULTAS MAYORES COMO PROTAGONISTAS DE LOS PROCESOS CIVILES Y POLÍTICOS DE COSTA RICA,COSTA RICA,10 REDUCCIÓN DE LAS DESIGUALDADES,,ACADEMIA,UNIVERSIDAD NACIONAL DE COSTA RICA - IDESPO,ENCUESTA POR MUESTREO,"Caracterizar la población de 60 ó más años, teniendo en cuenta su participación en lo social, lo cívil y político para promover la construcción ciudadana en la vejez y garantizar por parte del Estado las condiciones para el ejercicio de derechos individuales y de grupo",,,,Edad * Sexo * Estado Cívil * Educación * Ocupación * Características sociales * Medios * Acciones populares,Personas adultas mayores según percepción de sí mismas * Según cuáles son los medios por los que se informan de sus derechos * Según frecuencia con qué se dan algunas situaciones * Según principal acción a favor de sus congéneres si tienen la oportunidad de ser electos popularmente * Según diferentes acciones que ha realizado a partir de los 60 años,NACIONAL,NO,NA,UNIVERSIDAD NACIONAL DE COSTA RICA - IDESPO,11/08/2016,NO ESTABLECIDO,2010,,,http://www.idespo.una.ac.cr/index.php/inicio/areas-de-trabajo/estudios-de-poblacion,